,date,states,positive,negative,pending,hospitalizedCurrently,hospitalizedCumulative,inIcuCurrently,inIcuCumulative,onVentilatorCurrently,onVentilatorCumulative,dateChecked,death,hospitalized,totalTestResults,lastModified,recovered,total,posNeg,deathIncrease,hospitalizedIncrease,negativeIncrease,positiveIncrease,totalTestResultsIncrease,hash,dates_dt
0,20210107,56,21344028.0,201442513.0,11612.0,132370.0,716151.0,23821.0,38236.0,7900.0,3748.0,2021-01-07T24:00:00Z,356277.0,716151.0,262044317,2021-01-07T24:00:00Z,,0,0,4081,5318,1217934,269452,1918094,b710cc5e2e1c2400679c4e19384c01a108c984b2,2021-01-07
1,20210106,56,21074576.0,200224579.0,10062.0,132464.0,710833.0,23716.0,38064.0,7944.0,3739.0,2021-01-06T24:00:00Z,352196.0,710833.0,260126223,2021-01-06T24:00:00Z,,0,0,3866,6709,1021419,247786,1619168,3317be00cf36b1d860b61b571e19bebc6397e454,2021-01-06
2,20210105,56,20826790.0,199203160.0,8008.0,131215.0,704124.0,23512.0,37841.0,7976.0,3718.0,2021-01-05T24:00:00Z,348330.0,704124.0,258507055,2021-01-05T24:00:00Z,,0,0,3522,4153,1169064,215413,1608732,62c67eaa8695881be45b218c16c73073358a73b7,2021-01-05
3,20210104,56,20611377.0,198034096.0,9463.0,128206.0,699971.0,23423.0,37586.0,7925.0,3692.0,2021-01-04T24:00:00Z,344808.0,699971.0,256898323,2021-01-04T24:00:00Z,,0,0,1545,4029,1257838,177749,1638653,a7155e2604fb2a4e52bb902ab0b885f2610b5158,2021-01-04
4,20210103,56,20433628.0,196776258.0,9407.0,125562.0,695942.0,23243.0,37433.0,7939.0,3688.0,2021-01-03T24:00:00Z,343263.0,695942.0,255259670,2021-01-03T24:00:00Z,,0,0,1461,2226,1001197,208144,1401449,164246f1551720e18e30bbdf4384d7ae6558a70d,2021-01-03
5,20210102,56,20225484.0,195775061.0,9356.0,123614.0,693716.0,23133.0,37309.0,7910.0,3684.0,2021-01-02T24:00:00Z,341802.0,693716.0,253858221,2021-01-02T24:00:00Z,,0,0,2395,3051,1358739,278968,2060220,0eba8b5e3b2bbd873db479a3ae63503ecb7ff507,2021-01-02
6,20210101,56,19946516.0,194416322.0,11506.0,125047.0,690665.0,23255.0,37196.0,7990.0,3681.0,2021-01-01T24:00:00Z,339407.0,690665.0,251798001,2021-01-01T24:00:00Z,,0,0,2596,4507,872785,180269,1340014,a81ea64b12883fa1208e0445dff078cf4a64ea1f,2021-01-01
7,20201231,56,19766247.0,193543537.0,14931.0,125379.0,686158.0,23099.0,37066.0,8003.0,3672.0,2020-12-31T24:00:00Z,336811.0,686158.0,250457987,2020-12-31T24:00:00Z,,0,0,3287,4290,1120447,223652,1749023,b9566ece79bfc4146863e34a3c7f0c02f2d75049,2020-12-31
8,20201230,56,19542595.0,192423090.0,14200.0,125218.0,681868.0,23059.0,36855.0,7931.0,3653.0,2020-12-30T24:00:00Z,333524.0,681868.0,248708964,2020-12-30T24:00:00Z,,0,0,3903,5538,969115,226259,1538124,ad31471548ae4eab589eddcb006718c7e765a944,2020-12-30
9,20201229,56,19316336.0,191453975.0,9939.0,124693.0,676330.0,22843.0,36583.0,7883.0,3635.0,2020-12-29T24:00:00Z,329621.0,676330.0,247170840,2020-12-29T24:00:00Z,,0,0,3299,5229,906276,195944,1246101,1e591314200a69a4d32a9c0448c0f9f89b9f585b,2020-12-29
10,20201228,56,19120392.0,190547699.0,10365.0,121235.0,671101.0,22592.0,36308.0,7951.0,3612.0,2020-12-28T24:00:00Z,326322.0,671101.0,245924739,2020-12-28T24:00:00Z,,0,0,1491,3832,1181168,162759,1537769,1a7fb8b9c8c7e2d49c72d3375d36a919237ad82b,2020-12-28
11,20201227,56,18957633.0,189366531.0,10280.0,118720.0,667269.0,22447.0,36164.0,7878.0,3604.0,2020-12-27T24:00:00Z,324831.0,667269.0,244386970,2020-12-27T24:00:00Z,,0,0,1402,2302,1011283,153769,1340340,25d82929552851745e4a29f56cd977e90a5ea2fd,2020-12-27
12,20201226,56,18803864.0,188355248.0,10229.0,117344.0,664967.0,22373.0,36038.0,7809.0,3593.0,2020-12-26T24:00:00Z,323429.0,664967.0,243046630,2020-12-26T24:00:00Z,,0,0,1419,2292,1520750,189826,2122061,eda6eb677c7a25d4f21e00e4559906078fb8652f,2020-12-26
13,20201225,56,18614038.0,186834498.0,10214.0,118948.0,662675.0,22418.0,35945.0,7831.0,3592.0,2020-12-25T24:00:00Z,322010.0,662675.0,240924569,2020-12-25T24:00:00Z,,0,0,1548,2001,967085,125913,1353689,64d7c652d345bf208b0606d8163b10c0ead753a3,2020-12-25
14,20201224,56,18488125.0,185867413.0,14410.0,120151.0,660674.0,22607.0,35899.0,7784.0,3587.0,2020-12-24T24:00:00Z,320462.0,660674.0,239570880,2020-12-24T24:00:00Z,,0,0,2949,4227,1267859,204251,1930034,00ac228d749ff828cee36b21148ad0b8e9be7fc0,2020-12-24
15,20201223,56,18283874.0,184599554.0,13784.0,119463.0,656447.0,22489.0,35695.0,7819.0,3579.0,2020-12-23T24:00:00Z,317513.0,656447.0,237640846,2020-12-23T24:00:00Z,,0,0,3379,4829,1195979,221485,1747499,8cc9894e0a84e63ed80cc62d744ecc1a8d9ae944,2020-12-23
16,20201222,56,18062389.0,183403575.0,9934.0,117761.0,651618.0,22207.0,35428.0,7838.0,3554.0,2020-12-22T24:00:00Z,314134.0,651618.0,235893347,2020-12-22T24:00:00Z,,0,0,3166,4538,1233256,190625,1689842,8e6913afef6a19994001f4bba3949e823dd6dd6e,2020-12-22
17,20201221,56,17871764.0,182170319.0,12425.0,115351.0,647080.0,21899.0,35178.0,7776.0,3539.0,2020-12-21T24:00:00Z,310968.0,647080.0,234203505,2020-12-21T24:00:00Z,,0,0,1485,3214,1612903,178706,2082067,8aedb0cb2cc2b16b043fe90d22d3a23f66256535,2020-12-21
18,20201220,56,17693058.0,180557416.0,12410.0,113601.0,643866.0,21763.0,35030.0,7695.0,3530.0,2020-12-20T24:00:00Z,309483.0,643866.0,232121438,2020-12-20T24:00:00Z,,0,0,1633,2382,1220587,196573,1792080,567915220e9213ca1bdcb82c2893f164ba03768c,2020-12-20
19,20201219,56,17496485.0,179336829.0,12420.0,113929.0,641484.0,21688.0,34949.0,7790.0,3529.0,2020-12-19T24:00:00Z,307850.0,641484.0,230329358,2020-12-19T24:00:00Z,,0,0,2723,3337,1187210,203480,1739493,5207781879ed955668545305ef9a9365c955ac1a,2020-12-19
20,20201218,56,17293005.0,178149619.0,13454.0,113955.0,638147.0,21745.0,34716.0,7786.0,3519.0,2020-12-18T24:00:00Z,305127.0,638147.0,228589865,2020-12-18T24:00:00Z,,0,0,2866,5240,1536965,239795,2196333,7865889188c48bdbd60d05c8eceb9ce6e10b6399,2020-12-18
21,20201217,56,17053210.0,176612654.0,13003.0,114459.0,632907.0,21910.0,34485.0,7847.0,3504.0,2020-12-17T24:00:00Z,302261.0,632907.0,226393532,2020-12-17T24:00:00Z,,0,0,3438,5133,1257813,240812,1864311,8d8bc602da73db67882b8af82838cb52b91c9a2d,2020-12-17
22,20201216,56,16812398.0,175354841.0,12843.0,113278.0,627774.0,21946.0,34237.0,7778.0,3488.0,2020-12-16T24:00:00Z,298823.0,627774.0,224529221,2020-12-16T24:00:00Z,,0,0,3448,4800,1200449,232298,1787970,1b89e711d64872cd3243a1cf7093ba67af96e2c5,2020-12-16
23,20201215,56,16580100.0,174154392.0,9693.0,112814.0,622974.0,21882.0,33958.0,7701.0,3460.0,2020-12-15T24:00:00Z,295375.0,622974.0,222741251,2020-12-15T24:00:00Z,,0,0,2971,4398,1328079,190518,1773707,58416e9be893e4923a08e13777f779db5d68a7e6,2020-12-15
24,20201214,56,16389582.0,172826313.0,11448.0,110549.0,618576.0,21456.0,33693.0,7706.0,3442.0,2020-12-14T24:00:00Z,292404.0,618576.0,220967544,2020-12-14T24:00:00Z,,0,0,1358,3569,1690498,193005,2158028,63d9695b99844e70cc8640a4419b659e12f16903,2020-12-14
25,20201213,56,16196577.0,171135815.0,11382.0,109298.0,615007.0,21230.0,33494.0,7535.0,3432.0,2020-12-13T24:00:00Z,291046.0,615007.0,218809516,2020-12-13T24:00:00Z,,0,0,1494,2314,1214420,186358,1770163,0fc6c0fb4629acc91899eb2dc84124c89b5d61c9,2020-12-13
26,20201212,56,16010219.0,169921395.0,11345.0,108461.0,612693.0,21198.0,33419.0,7515.0,3430.0,2020-12-12T24:00:00Z,289552.0,612693.0,217039353,2020-12-12T24:00:00Z,,0,0,2494,3695,1164259,225124,1808503,bab5b987bba6c1776dba288227c780f4f394e76d,2020-12-12
27,20201211,56,15785095.0,168757136.0,13421.0,108108.0,608998.0,21010.0,33237.0,7489.0,3424.0,2020-12-11T24:00:00Z,287058.0,608998.0,215230850,2020-12-11T24:00:00Z,,0,0,2749,5444,1345550,235502,1990738,6f99d664c1ac37a4a3c746e1111a4de118e23176,2020-12-11
28,20201210,56,15549593.0,167411586.0,12409.0,107276.0,603554.0,21023.0,32919.0,7442.0,3394.0,2020-12-10T24:00:00Z,284309.0,603554.0,213240112,2020-12-10T24:00:00Z,,0,0,3115,4335,1275443,219631,1891230,c44e1eddd3d0a23a85fb03a3c3970a53803cdefb,2020-12-10
29,20201209,56,15329962.0,166136143.0,13186.0,106705.0,599219.0,20906.0,32720.0,7624.0,3376.0,2020-12-09T24:00:00Z,281194.0,599219.0,211348882,2020-12-09T24:00:00Z,,0,0,3164,5424,1265763,214871,1800976,25a33af308a809c0144cc56862a459ce1e72b061,2020-12-09
30,20201208,56,15115091.0,164870380.0,9806.0,104623.0,593795.0,20483.0,32406.0,7245.0,3359.0,2020-12-08T24:00:00Z,278030.0,593795.0,209547906,2020-12-08T24:00:00Z,,0,0,2703,4309,1237151,215955,1658357,2d500fccd2c7e6e6251f79018c655e3f4bc03c89,2020-12-08
31,20201207,56,14899136.0,163633229.0,13484.0,102148.0,589486.0,20098.0,32120.0,7073.0,3328.0,2020-12-07T24:00:00Z,275327.0,589486.0,207889549,2020-12-07T24:00:00Z,,0,0,1297,3614,1332101,181512,1722145,8d7f0126e712cd2fb51e820149980977f0664012,2020-12-07
32,20201206,56,14717624.0,162301128.0,13592.0,101501.0,585872.0,20145.0,31946.0,7095.0,3322.0,2020-12-06T24:00:00Z,274030.0,585872.0,206167404,2020-12-06T24:00:00Z,,0,0,1145,2311,1115309,181798,1606591,0e5ed58999d934a891a1968672ccb1e014633cdb,2020-12-06
33,20201205,56,14535826.0,161185819.0,13433.0,101192.0,583561.0,19947.0,31831.0,7006.0,3321.0,2020-12-05T24:00:00Z,272885.0,583561.0,204560813,2020-12-05T24:00:00Z,,0,0,2480,3457,1507959,217402,2210402,992558aaffcba94c6d8fd7c8a51ab7e4b350c1e3,2020-12-05
34,20201204,56,14318424.0,159677860.0,12714.0,101276.0,580104.0,19858.0,31608.0,6999.0,3305.0,2020-12-04T24:00:00Z,270405.0,580104.0,202350411,2020-12-04T24:00:00Z,,0,0,2573,4652,1280988,229955,1884247,21160c0b502d2189eacea1a6c1f1bcc24c0453a5,2020-12-04
35,20201203,56,14088469.0,158396872.0,15106.0,100755.0,575452.0,19723.0,31276.0,6867.0,3280.0,2020-12-03T24:00:00Z,267832.0,575452.0,200466164,2020-12-03T24:00:00Z,,0,0,2825,5331,1270088,214402,1894976,f0db564ad94e650230248b180527ba8b43a0410e,2020-12-03
36,20201202,56,13874067.0,157126784.0,14368.0,100322.0,570121.0,19680.0,31038.0,6855.0,3252.0,2020-12-02T24:00:00Z,265007.0,570121.0,198571188,2020-12-02T24:00:00Z,,0,0,2804,5028,1041405,202029,1556486,2080dd81ec45cd0b7616272066f029c2ae782fb5,2020-12-02
37,20201201,56,13672038.0,156085379.0,8764.0,98777.0,565093.0,19295.0,30749.0,6649.0,3223.0,2020-12-01T24:00:00Z,262203.0,565093.0,197014702,2020-12-01T24:00:00Z,,0,0,2506,5222,1968482,179049,1466168,5d6d93ca78e22d6032b2510c20e15acd8fa67782,2020-12-01
38,20201130,56,13492989.0,154116897.0,14883.0,96149.0,559871.0,18801.0,30469.0,6520.0,3205.0,2020-11-30T24:00:00Z,259697.0,559871.0,195548534,2020-11-30T24:00:00Z,,0,0,1035,3394,1206957,149213,1612146,bba343007a6229d271a0207bf118bf3746cda947,2020-11-30
39,20201129,56,13343776.0,152909940.0,14860.0,93357.0,556477.0,18437.0,30274.0,6245.0,3184.0,2020-11-29T24:00:00Z,258662.0,556477.0,193936388,2020-11-29T24:00:00Z,,0,0,823,2429,870225,136907,1281241,565b82cb22c9d0807d298f1cf7cb6ce6724edd87,2020-11-29
40,20201128,56,13206869.0,152039715.0,14780.0,91762.0,554048.0,18249.0,30109.0,6148.0,3179.0,2020-11-28T24:00:00Z,257839.0,554048.0,192655147,2020-11-28T24:00:00Z,,0,0,1251,3404,1210394,151912,1614409,0bad3872f2018a40b492dcf2e2fe801b9f24e38d,2020-11-28
41,20201127,56,13054957.0,150829321.0,14854.0,89950.0,550644.0,18061.0,29858.0,6030.0,3171.0,2020-11-27T24:00:00Z,256588.0,550644.0,191040738,2020-11-27T24:00:00Z,,0,0,1392,3499,1404708,197582,2040543,97ebc18103103a10fbec14b99c583deb7de69a70,2020-11-27
42,20201126,56,12857375.0,149424613.0,14856.0,90564.0,547145.0,18019.0,29673.0,5986.0,3153.0,2020-11-26T24:00:00Z,255196.0,547145.0,189000195,2020-11-26T24:00:00Z,,0,0,1387,2247,898767,129396,1332160,62e4347e0623ceeac4ce1d03624f784528ace9b5,2020-11-26
43,20201125,56,12727979.0,148525846.0,14060.0,90041.0,544898.0,17740.0,29540.0,5990.0,3147.0,2020-11-25T24:00:00Z,253809.0,544898.0,187668035,2020-11-25T24:00:00Z,,0,0,2280,4568,1211561,187847,1824361,150d31c55254c7b566b760fd516e21b9e61631e9,2020-11-25
44,20201124,56,12540132.0,147314285.0,9962.0,88174.0,540330.0,17314.0,29245.0,5630.0,3123.0,2020-11-24T24:00:00Z,251529.0,540330.0,185843674,2020-11-24T24:00:00Z,,0,0,2106,4591,1384970,165088,1816522,9bced0375fe107513e6883e3974455c492108430,2020-11-24
45,20201123,56,12375044.0,145929315.0,17617.0,85979.0,535739.0,17080.0,28990.0,5458.0,3106.0,2020-11-23T24:00:00Z,249423.0,535739.0,184027152,2020-11-23T24:00:00Z,,0,0,858,2985,1270526,154242,1751628,1266eeeef58e55b72cde4a0fd760f87e0232d79a,2020-11-23
46,20201122,56,12220802.0,144658789.0,17578.0,83882.0,532754.0,16411.0,28828.0,5233.0,3094.0,2020-11-22T24:00:00Z,248565.0,532754.0,182275524,2020-11-22T24:00:00Z,,0,0,917,2291,1246648,153845,1760391,a7b42c19f495483941f0a96fcf5a4b800a835190,2020-11-22
47,20201121,56,12066957.0,143412141.0,17683.0,83346.0,530463.0,16264.0,28693.0,5103.0,3087.0,2020-11-21T24:00:00Z,247648.0,530463.0,180515133,2020-11-21T24:00:00Z,,0,0,1554,3340,1430451,183392,2050886,b3eb41e06f18d9b7a5f487b9523226fab7a51461,2020-11-21
48,20201120,56,11883565.0,141981690.0,16221.0,82279.0,527123.0,16138.0,28472.0,5055.0,3078.0,2020-11-20T24:00:00Z,246094.0,527123.0,178464247,2020-11-20T24:00:00Z,,0,0,1894,3891,1378140,196592,1942859,160ed3465e3fc0fb53e4c080fcdb9ca355e7bdca,2020-11-20
49,20201119,56,11686973.0,140603550.0,14596.0,80682.0,523232.0,15763.0,28216.0,4859.0,3052.0,2020-11-19T24:00:00Z,244200.0,523232.0,176521388,2020-11-19T24:00:00Z,,0,0,2020,4420,1268483,187274,1808351,c00d01719ddc23426e78e5ef9314b122f699cd0e,2020-11-19
50,20201118,56,11499699.0,139335067.0,12971.0,79517.0,518812.0,15558.0,27989.0,4701.0,3024.0,2020-11-18T24:00:00Z,242180.0,518812.0,174713037,2020-11-18T24:00:00Z,,0,0,1882,4384,1110082,167748,1656482,6813e4bd20ded3714dbb0dc0d0fc3cea3a5fa9ac,2020-11-18
51,20201117,56,11331951.0,138224985.0,9281.0,77079.0,514428.0,15018.0,27681.0,4379.0,3004.0,2020-11-17T24:00:00Z,240298.0,514428.0,173056555,2020-11-17T24:00:00Z,,0,0,1562,3812,1147778,159185,1600147,39fc064cb00fbb2659d439798b43a58451f426ce,2020-11-17
52,20201116,56,11172766.0,137077207.0,13639.0,73377.0,510616.0,14494.0,27437.0,4166.0,2988.0,2020-11-16T24:00:00Z,238736.0,510616.0,171456408,2020-11-16T24:00:00Z,,0,0,609,3033,1135121,149615,1533295,552b559650e831fde908b1c16285362d5c1dc1c9,2020-11-16
53,20201115,56,11023151.0,135942086.0,13654.0,70202.0,507583.0,13849.0,27269.0,3939.0,2975.0,2020-11-15T24:00:00Z,238127.0,507583.0,169923113,2020-11-15T24:00:00Z,,0,0,708,1868,1082448,146711,1556532,6be72a03ed74124155d962d8991d799f79f02cde,2020-11-15
54,20201114,56,10876440.0,134859638.0,13657.0,69588.0,505715.0,13491.0,27172.0,3945.0,2972.0,2020-11-14T24:00:00Z,237419.0,505715.0,168366581,2020-11-14T24:00:00Z,,0,0,1352,3424,1189842,167206,1703386,fbe307b87b31844f98d9d604979c25878f6d5dfa,2020-11-14
55,20201113,56,10709234.0,133669796.0,12010.0,68599.0,502291.0,13279.0,26997.0,3769.0,2967.0,2020-11-13T24:00:00Z,236067.0,502291.0,166663195,2020-11-13T24:00:00Z,,0,0,1304,3686,1211871,173903,1704175,e62d43fdd8bfb1655dce0a38598687d303586e67,2020-11-13
56,20201112,56,10535331.0,132457925.0,11385.0,67233.0,498605.0,12911.0,26803.0,3622.0,2954.0,2020-11-12T24:00:00Z,234763.0,498605.0,164959020,2020-11-12T24:00:00Z,,0,0,1111,3551,1041612,157304,1569195,d1d8127cb5cc3f6a09f8bac0ecdeabf46e107906,2020-11-12
57,20201111,56,10378027.0,131416313.0,11287.0,65557.0,495054.0,12625.0,26584.0,3367.0,2947.0,2020-11-11T24:00:00Z,233652.0,495054.0,163389825,2020-11-11T24:00:00Z,,0,0,1579,3275,1024258,148838,1463577,62b909eb543c23e67e5182afeee1dbca7c2e3937,2020-11-11
58,20201110,56,10229189.0,130392055.0,8579.0,62138.0,491779.0,12071.0,26335.0,3201.0,2922.0,2020-11-10T24:00:00Z,232073.0,491779.0,161926248,2020-11-10T24:00:00Z,,0,0,1357,4033,1006251,133170,1339203,51611fbbf95f783cd651057ef48267f41094729f,2020-11-10
59,20201109,56,10096019.0,129385804.0,23458.0,59394.0,487746.0,11638.0,26087.0,3110.0,2907.0,2020-11-09T24:00:00Z,230716.0,487746.0,160587045,2020-11-09T24:00:00Z,,0,0,580,2261,1142165,118080,1449812,1d33f1ef5d7af8a5d5884d0b3b0c71fd0de3d8ae,2020-11-09
60,20201108,56,9977939.0,128243639.0,23353.0,56942.0,485485.0,11223.0,25819.0,2977.0,2900.0,2020-11-08T24:00:00Z,230136.0,485485.0,159137233,2020-11-08T24:00:00Z,,0,0,501,1467,873893,112141,1221780,a387fb6aa2b9c174a1997a7ce9b4e10f4f48e4f6,2020-11-08
61,20201107,56,9865798.0,127369746.0,23295.0,56037.0,484018.0,11215.0,25721.0,2947.0,2898.0,2020-11-07T24:00:00Z,229635.0,484018.0,157915453,2020-11-07T24:00:00Z,,0,0,1132,2297,994109,131847,1399238,f11168627fb2751255212841a082f0bb7f280751,2020-11-07
62,20201106,56,9733951.0,126375637.0,11804.0,54949.0,481721.0,11213.0,25498.0,2850.0,2885.0,2020-11-06T24:00:00Z,228503.0,481721.0,156516215,2020-11-06T24:00:00Z,,0,0,1186,3143,1160019,128905,1667478,1e5ce112e3a90b5048799a79fcb2d1a984ef852c,2020-11-06
63,20201105,56,9605046.0,125215618.0,11233.0,53465.0,478578.0,11046.0,25276.0,2877.0,2872.0,2020-11-05T24:00:00Z,227317.0,478578.0,154848737,2020-11-05T24:00:00Z,,0,0,1155,2541,1197945,118796,1610254,e674e7b2f7575d8365e24944dfc53183b61f0c98,2020-11-05
64,20201104,56,9486250.0,124017673.0,10117.0,52166.0,476037.0,10892.0,25041.0,2832.0,2853.0,2020-11-04T24:00:00Z,226162.0,476037.0,153238483,2020-11-04T24:00:00Z,,0,0,1126,3114,892332,105211,1278725,e93fc95b39eb68a5413c7b2f5abd7f012609c025,2020-11-04
65,20201103,56,9381039.0,123125341.0,8003.0,50512.0,472923.0,10530.0,24796.0,2733.0,2833.0,2020-11-03T24:00:00Z,225036.0,472923.0,151959758,2020-11-03T24:00:00Z,,0,0,1525,3115,899453,89945,1210851,ca5a634f875e00ad7c5b3355a88018ba4e43d723,2020-11-03
66,20201102,56,9291094.0,122225888.0,10655.0,48773.0,469808.0,9970.0,24560.0,2637.0,2809.0,2020-11-02T24:00:00Z,223511.0,469808.0,150748907,2020-11-02T24:00:00Z,,0,0,474,1446,1023604,83495,1296252,caae86cdbaad39f1742df7846e8fdf12cd4d063c,2020-11-02
67,20201101,56,9207599.0,121202284.0,10617.0,47615.0,468362.0,9665.0,24457.0,2553.0,2797.0,2020-11-01T24:00:00Z,223037.0,468362.0,149452655,2020-11-01T24:00:00Z,,0,0,398,1166,788578,141949,1114615,d5e67181bc11e86db143bef851356c7adf47fdfd,2020-11-01
68,20201031,56,9065650.0,120413706.0,10635.0,47486.0,467196.0,9613.0,24375.0,2502.0,2786.0,2020-10-31T24:00:00Z,222639.0,467196.0,148338040,2020-10-31T24:00:00Z,,0,0,970,2082,1048898,91230,1425798,b3218adc42bdf1938932ca1fd1139e9ab63ec15a,2020-10-31
69,20201030,56,8974420.0,119364808.0,11120.0,46856.0,465114.0,9549.0,24230.0,2477.0,2776.0,2020-10-30T24:00:00Z,221669.0,465114.0,146912242,2020-10-30T24:00:00Z,,0,0,947,2401,982281,97973,1397730,3523c591cf9c577e1cc4066eccfad6cb73073715,2020-10-30
70,20201029,56,8876447.0,118382527.0,10481.0,46220.0,462713.0,9320.0,24082.0,2403.0,2760.0,2020-10-29T24:00:00Z,220722.0,462713.0,145514512,2020-10-29T24:00:00Z,,0,0,1055,2334,1018590,89510,1363299,2b2768611519de575176754c68cd80e5fd4d791a,2020-10-29
71,20201028,56,8786937.0,117363937.0,9600.0,45205.0,460379.0,9134.0,23883.0,2347.0,2744.0,2020-10-28T24:00:00Z,219667.0,460379.0,144151213,2020-10-28T24:00:00Z,,0,0,1045,2464,840302,79748,1166114,d5e10424da7019f25d8da29717213751016afdd4,2020-10-28
72,20201027,56,8707189.0,116523635.0,8129.0,44392.0,457915.0,8997.0,23701.0,2287.0,2719.0,2020-10-27T24:00:00Z,218622.0,457915.0,142985099,2020-10-27T24:00:00Z,,0,0,929,2253,820412,72292,1099810,c88d51b420e9c591b2c3744b5f54d67094b2549d,2020-10-27
73,20201026,56,8634897.0,115703223.0,11083.0,43005.0,455662.0,8942.0,23542.0,2301.0,2703.0,2020-10-26T24:00:00Z,217693.0,455662.0,141885289,2020-10-26T24:00:00Z,,0,0,399,1754,963547,63403,1202172,0039d14206bde11ca8b71dfae107fc9e312f8232,2020-10-26
74,20201025,56,8571494.0,114739676.0,11093.0,41883.0,453908.0,8590.0,23420.0,2176.0,2693.0,2020-10-25T24:00:00Z,217294.0,453908.0,140683117,2020-10-25T24:00:00Z,,0,0,387,1076,885661,64442,1183454,b933b6df120644ed47d96e82f7bd656e540183b9,2020-10-25
75,20201024,56,8507052.0,113854015.0,11087.0,42087.0,452832.0,8675.0,23356.0,2230.0,2691.0,2020-10-24T24:00:00Z,216907.0,452832.0,139499663,2020-10-24T24:00:00Z,,0,0,897,1793,932256,83645,1315397,b4c3210c9cf03c3332249614eb101a2bc521e6f0,2020-10-24
76,20201023,56,8423407.0,112921759.0,11853.0,41617.0,451039.0,8340.0,23221.0,2180.0,2679.0,2020-10-23T24:00:00Z,216010.0,451039.0,138184266,2020-10-23T24:00:00Z,,0,0,941,15071,1042511,82746,1406509,0ed6a1137a34d8e71f10dc92e5571fe235a46856,2020-10-23
77,20201022,56,8340661.0,111879248.0,12222.0,41125.0,435968.0,8178.0,23018.0,2147.0,2641.0,2020-10-22T24:00:00Z,215069.0,435968.0,136777757,2020-10-22T24:00:00Z,,0,0,1126,2496,941406,73479,1278475,7c81c23230a57b88a80bf2b51c7a2f33679fb084,2020-10-22
78,20201021,56,8267182.0,110937842.0,10241.0,40397.0,433472.0,8291.0,22855.0,2090.0,2622.0,2020-10-21T24:00:00Z,213943.0,433472.0,135499282,2020-10-21T24:00:00Z,,0,0,1025,2131,742921,61675,1017716,6a966b35cc91b03f735b35c374687faaf6d5de11,2020-10-21
79,20201020,56,8205507.0,110194921.0,8014.0,39406.0,431341.0,8213.0,22662.0,2045.0,2593.0,2020-10-20T24:00:00Z,212918.0,431341.0,134481566,2020-10-20T24:00:00Z,,0,0,830,2265,780200,60654,995748,bf4272666dfb9f868529f7eed3d633b220e9ba70,2020-10-20
80,20201019,56,8144853.0,109414721.0,12138.0,37954.0,429076.0,8069.0,22475.0,1800.0,2577.0,2020-10-19T24:00:00Z,212088.0,429076.0,133485818,2020-10-19T24:00:00Z,,0,0,451,1666,990915,57696,1114180,49d7958c2ffe9ccaf72b05e91fe9ca6a7487d55f,2020-10-19
81,20201018,56,8087157.0,108423806.0,12059.0,36536.0,427410.0,7383.0,22391.0,1762.0,2557.0,2020-10-18T24:00:00Z,211637.0,427410.0,132371638,2020-10-18T24:00:00Z,,0,0,402,813,745301,47792,1036775,7e8ce5ea0877101b2602b580982d4ff03d701c40,2020-10-18
82,20201017,56,8039365.0,107678505.0,12109.0,37474.0,426597.0,7466.0,22320.0,1791.0,2553.0,2020-10-17T24:00:00Z,211235.0,426597.0,131334863,2020-10-17T24:00:00Z,,0,0,777,1528,967978,57646,1315830,041339d76a661ae0ae4e6108783c98a40b906766,2020-10-17
83,20201016,56,7981719.0,106710527.0,13091.0,37470.0,425069.0,7328.0,22202.0,1739.0,2547.0,2020-10-16T24:00:00Z,210458.0,425069.0,130019033,2020-10-16T24:00:00Z,,0,0,894,1864,939618,68550,1225468,17eb94983cacd57c3ab85e381fb6e413403da44a,2020-10-16
84,20201015,56,7913169.0,105770909.0,13001.0,37420.0,423205.0,7302.0,22051.0,1769.0,2531.0,2020-10-15T24:00:00Z,209564.0,423205.0,128793565,2020-10-15T24:00:00Z,,0,0,928,1999,878091,63626,1156610,4d812fb1e801c7aca9e842bbbd3ad2c858957837,2020-10-15
85,20201014,56,7849543.0,104892818.0,11100.0,37176.0,421206.0,7239.0,21889.0,1776.0,2516.0,2020-10-14T24:00:00Z,208636.0,421206.0,127636955,2020-10-14T24:00:00Z,,0,0,798,2455,641456,57307,1078841,090c6ad669af25a3c78b8307598c17e8cdc0e619,2020-10-14
86,20201013,56,7792236.0,104251362.0,8008.0,36161.0,418751.0,7096.0,21735.0,1755.0,2485.0,2020-10-13T24:00:00Z,207838.0,418751.0,126558114,2020-10-13T24:00:00Z,,0,0,724,2008,872808,47087,1087558,5823e544c279578731443c3a5d9edc3e15682b8b,2020-10-13
87,20201012,56,7745149.0,103378554.0,11329.0,35156.0,416743.0,6866.0,21625.0,1666.0,2464.0,2020-10-12T24:00:00Z,207114.0,416743.0,125470556,2020-10-12T24:00:00Z,,0,0,285,1169,840178,43112,1018318,dec03fcba9503ca958da2f78f52ecdacb730814b,2020-10-12
88,20201011,56,7702037.0,102538376.0,11261.0,34609.0,415574.0,6749.0,21553.0,1646.0,2454.0,2020-10-11T24:00:00Z,206829.0,415574.0,124452238,2020-10-11T24:00:00Z,,0,0,469,981,778964,46590,1064052,dd091f3fd193fcfe1917ab51bd81e789a897b956,2020-10-11
89,20201010,56,7655447.0,101759412.0,11223.0,34700.0,414593.0,6752.0,21512.0,1667.0,2451.0,2020-10-10T24:00:00Z,206360.0,414593.0,123388186,2020-10-10T24:00:00Z,,0,0,690,1472,938473,57634,1241926,7e234d81c494e1f7d8d53470c40e029749216d57,2020-10-10
90,20201009,56,7597813.0,100820939.0,13078.0,34989.0,413121.0,6785.0,21389.0,1655.0,2437.0,2020-10-09T24:00:00Z,205670.0,413121.0,122146260,2020-10-09T24:00:00Z,,0,0,905,1727,970391,56921,1238832,fc30e3e30f5b7edae16da6404907a75c267bc0f0,2020-10-09
91,20201008,56,7540892.0,99850548.0,13087.0,34446.0,411394.0,6694.0,21217.0,1638.0,2427.0,2020-10-08T24:00:00Z,204765.0,411394.0,120907428,2020-10-08T24:00:00Z,,0,0,988,2131,914358,55496,1205911,e5753b831d42c4ea0aa9da01ebe96157dda3e724,2020-10-08
92,20201007,56,7485396.0,98936190.0,12269.0,33584.0,409263.0,6575.0,21112.0,1646.0,2410.0,2020-10-07T24:00:00Z,203777.0,409263.0,119701517,2020-10-07T24:00:00Z,,0,0,922,2140,772321,51219,1036123,ed445ddf984195b75b049d9c3f5c1a6c5917e513,2020-10-07
93,20201006,56,7434177.0,98163869.0,8680.0,32720.0,407123.0,6502.0,20973.0,1609.0,2388.0,2020-10-06T24:00:00Z,202855.0,407123.0,118665394,2020-10-06T24:00:00Z,,0,0,622,0,720886,38858,931555,38f49a7192ba16bca6543c624e9c7a783eb41098,2020-10-06
94,20201005,56,7395319.0,97442983.0,11544.0,31434.0,407891.0,6287.0,20812.0,1515.0,2370.0,2020-10-05T24:00:00Z,202233.0,407891.0,117733839,2020-10-05T24:00:00Z,,0,0,330,1486,831573,37772,985020,8bc8df3438bee026e13c60c9a343c4fbf8f8ef17,2020-10-05
95,20201004,56,7357547.0,96611410.0,11471.0,30063.0,406405.0,6056.0,20729.0,1485.0,2362.0,2020-10-04T24:00:00Z,201903.0,406405.0,116748819,2020-10-04T24:00:00Z,,0,0,373,663,785695,38076,1000850,c04697571fdb8584a91c4805a6416d797dae3a4b,2020-10-04
96,20201003,56,7319471.0,95825715.0,11464.0,30209.0,405742.0,6073.0,20686.0,1501.0,2358.0,2020-10-03T24:00:00Z,201530.0,405742.0,115747969,2020-10-03T24:00:00Z,,0,0,743,1083,796798,50921,1063895,a0d86a6feed29352e255365e4e4cd3d584cdb4b2,2020-10-03
97,20201002,56,7268550.0,95028917.0,10813.0,30877.0,404659.0,6194.0,20612.0,1533.0,2348.0,2020-10-02T24:00:00Z,200787.0,404659.0,114684074,2020-10-02T24:00:00Z,,0,0,844,1433,939135,49375,1230452,f64469abcd003c4af6c7ad03f880f1e3ae9b0a7b,2020-10-02
98,20201001,56,7219175.0,94089782.0,13003.0,30951.0,403226.0,6263.0,20492.0,1547.0,2334.0,2020-10-01T24:00:00Z,199943.0,403226.0,113453622,2020-10-01T24:00:00Z,,0,0,859,1732,768272,45855,985164,69c41596dd14f00c2857ec42f22c92f510d77e20,2020-10-01
99,20200930,56,7173320.0,93321510.0,9431.0,31018.0,401494.0,6236.0,20390.0,1507.0,2319.0,2020-09-30T24:00:00Z,199084.0,401494.0,112468458,2020-09-30T24:00:00Z,,0,0,1060,1638,694894,44830,952629,1bfa08c3c7f784809e2c1d29b8635c705457ca3d,2020-09-30
100,20200929,56,7128490.0,92626616.0,7695.0,30583.0,399856.0,6181.0,20247.0,1495.0,2298.0,2020-09-29T24:00:00Z,198024.0,399856.0,111515829,2020-09-29T24:00:00Z,,0,0,732,1651,739616,36889,965344,c58f4c08dc8be3528bb0f0526215dde38bcce1fe,2020-09-29
101,20200928,56,7091601.0,91887000.0,11112.0,29688.0,398205.0,6052.0,20121.0,1518.0,2285.0,2020-09-28T24:00:00Z,197292.0,398205.0,110550485,2020-09-28T24:00:00Z,,0,0,245,1223,774553,35311,1026014,8c66fb9187840addae818e749770715a1746bf08,2020-09-28
102,20200927,56,7056290.0,91112447.0,11136.0,29579.0,396982.0,6170.0,20050.0,1511.0,2277.0,2020-09-27T24:00:00Z,197047.0,396982.0,109524471,2020-09-27T24:00:00Z,,0,0,307,613,671181,34962,910175,b235f3d19b3d8bf92d16ee5fc62ebd2f1f093e16,2020-09-27
103,20200926,56,7021328.0,90441266.0,11183.0,29670.0,396369.0,6143.0,20002.0,1509.0,2272.0,2020-09-26T24:00:00Z,196740.0,396369.0,108614296,2020-09-26T24:00:00Z,,0,0,874,1197,853782,47086,1102566,e047402331e59720654e5d325893fdc389888f01,2020-09-26
104,20200925,56,6974242.0,89587484.0,10905.0,29900.0,395172.0,6220.0,19919.0,1506.0,2264.0,2020-09-25T24:00:00Z,195866.0,395172.0,107511730,2020-09-25T24:00:00Z,,0,0,849,1320,879747,55324,1124320,518764f4579e67afc3fc353874f8ce294a0077aa,2020-09-25
105,20200924,56,6918918.0,88707737.0,12008.0,30158.0,393852.0,6269.0,19555.0,1560.0,2177.0,2020-09-24T24:00:00Z,195017.0,393852.0,106387410,2020-09-24T24:00:00Z,,0,0,933,1495,737523,43513,989281,62c88efd28e03d7e2ea54ff34388252cf2126950,2020-09-24
106,20200923,56,6875405.0,87970214.0,10535.0,30021.0,392357.0,6203.0,19452.0,1544.0,2154.0,2020-09-23T24:00:00Z,194084.0,392357.0,105398129,2020-09-23T24:00:00Z,,0,0,1159,1449,784726,39370,992418,6975c482186946a4eb03a9c4bc5c5959644cdd92,2020-09-23
107,20200922,56,6836035.0,87185488.0,7999.0,29658.0,390908.0,6196.0,19324.0,1562.0,2130.0,2020-09-22T24:00:00Z,192925.0,390908.0,104405711,2020-09-22T24:00:00Z,,0,0,859,1519,683850,49110,882236,181ff37b61d0c8a4b388a60f183d89af01bf2037,2020-09-22
108,20200921,56,6786925.0,86501638.0,13241.0,28873.0,389389.0,6140.0,19353.0,1572.0,2116.0,2020-09-21T24:00:00Z,192066.0,389389.0,103523475,2020-09-21T24:00:00Z,,0,0,283,1103,622579,39154,763485,78876c743b128ee64efe0da5ed62755efb52d594,2020-09-21
109,20200920,56,6747771.0,85879059.0,13192.0,28724.0,388286.0,6100.0,19281.0,1595.0,2112.0,2020-09-20T24:00:00Z,191783.0,388286.0,102759990,2020-09-20T24:00:00Z,,0,0,324,525,780958,35478,972901,87976dabd228ac53a675a10d2e722e7592f3d3f3,2020-09-20
110,20200919,56,6712293.0,85098101.0,13217.0,29185.0,387761.0,6163.0,19243.0,1577.0,2111.0,2020-09-19T24:00:00Z,191459.0,387761.0,101787089,2020-09-19T24:00:00Z,,0,0,751,1036,878293,45433,1118199,b3d94a3ae58507b81206e333f99a534ec11a9bc1,2020-09-19
111,20200918,56,6666860.0,84219808.0,11805.0,29652.0,386725.0,6175.0,19163.0,1608.0,2107.0,2020-09-18T24:00:00Z,190708.0,386725.0,100668890,2020-09-18T24:00:00Z,,0,0,901,1416,807506,47381,1064757,d0b73d07ffdeb7d4c2ee439ca9868980bcbbfa3a,2020-09-18
112,20200917,56,6619479.0,83412302.0,11768.0,30007.0,385309.0,6278.0,19057.0,1658.0,2092.0,2020-09-17T24:00:00Z,189807.0,385309.0,99604133,2020-09-17T24:00:00Z,,0,0,878,1544,735246,43454,968830,eab216299f7659259fc9a3255a520bae4679d3e1,2020-09-17
113,20200916,56,6576025.0,82677056.0,10587.0,30362.0,383765.0,6308.0,18961.0,1651.0,2090.0,2020-09-16T24:00:00Z,188929.0,383765.0,98635303,2020-09-16T24:00:00Z,,0,0,1184,1475,618045,40329,823796,4366eae8ff752ce5b9fb70a6aa1a84f0e8434bd9,2020-09-16
114,20200915,56,6535696.0,82059011.0,4966.0,30447.0,382290.0,6310.0,18847.0,1572.0,2071.0,2020-09-15T24:00:00Z,187745.0,382290.0,97811507,2020-09-15T24:00:00Z,,0,0,1040,1453,657046,34809,826678,762f2c0835f43f9d9e0e6f78918d49fe656b8041,2020-09-15
115,20200914,56,6500887.0,81401965.0,10494.0,30045.0,380837.0,6238.0,18748.0,1507.0,2061.0,2020-09-14T24:00:00Z,186705.0,380837.0,96984829,2020-09-14T24:00:00Z,,0,0,405,956,713332,33538,850122,d3ecb9b4c8271a0761af51f1a28e542f03a35bcf,2020-09-14
116,20200913,56,6467349.0,80688633.0,10467.0,29921.0,379881.0,6233.0,18692.0,1562.0,2056.0,2020-09-13T24:00:00Z,186300.0,379881.0,96134707,2020-09-13T24:00:00Z,,0,0,390,545,596336,34469,765116,17dd4ad9bb7ce0b299f1d53800131b24621db823,2020-09-13
117,20200912,56,6432880.0,80092297.0,10403.0,30758.0,379336.0,6451.0,18648.0,1619.0,2051.0,2020-09-12T24:00:00Z,185910.0,379336.0,95369591,2020-09-12T24:00:00Z,,0,0,821,1132,779609,41930,966436,2a9ccaf41ad619c1123790415b2ac706eb510180,2020-09-12
118,20200911,56,6390950.0,79312688.0,10813.0,31529.0,378204.0,6379.0,18549.0,1715.0,2031.0,2020-09-11T24:00:00Z,185089.0,378204.0,94403155,2020-09-11T24:00:00Z,,0,0,1014,1516,711549,44726,923550,edfe8e9ac1619db44e804b63bd74f91ecfe4bd26,2020-09-11
119,20200910,56,6346224.0,78601139.0,10530.0,32536.0,376688.0,6531.0,18453.0,1925.0,2008.0,2020-09-10T24:00:00Z,184075.0,376688.0,93479605,2020-09-10T24:00:00Z,,0,0,1156,1496,579970,37476,802884,6df40a9d52fbddaf25e8090235b7e4bee3fc1a5d,2020-09-10
120,20200909,56,6308748.0,78021169.0,6551.0,32647.0,375192.0,6646.0,18322.0,1903.0,1994.0,2020-09-09T24:00:00Z,182919.0,375192.0,92676721,2020-09-09T24:00:00Z,,0,0,1092,1934,561703,30684,727520,d1b0a5172c299ce07caae91b0fe36683eaa63e1c,2020-09-09
121,20200908,56,6278064.0,77459466.0,8983.0,32345.0,373258.0,6542.0,18189.0,1879.0,1975.0,2020-09-08T24:00:00Z,181827.0,373258.0,91949201,2020-09-08T24:00:00Z,,0,0,350,979,478237,22329,575082,d9aeff14dba9372067f38ef05208ed43d1fba0c8,2020-09-08
122,20200907,56,6255735.0,76981229.0,8986.0,32116.0,372279.0,6630.0,18156.0,1879.0,1967.0,2020-09-07T24:00:00Z,181477.0,372279.0,91374119,2020-09-07T24:00:00Z,,0,0,227,474,533933,28075,644225,997f782161a2feaad4a36c61c70ba1bb3a7cdeee,2020-09-07
123,20200906,56,6227660.0,76447296.0,8946.0,32497.0,371805.0,6700.0,18125.0,1912.0,1960.0,2020-09-06T24:00:00Z,181250.0,371805.0,90729894,2020-09-06T24:00:00Z,,0,0,448,499,621824,32966,752818,756d61b5e929290d735783f81107681e0b703ad8,2020-09-06
124,20200905,56,6194694.0,75825472.0,9021.0,33626.0,371306.0,6766.0,18089.0,1956.0,1956.0,2020-09-05T24:00:00Z,180802.0,371306.0,89977076,2020-09-05T24:00:00Z,,0,0,926,1187,737659,44850,947242,24697b51276dd7cd5b29921bb9e0c5b500e0d3ad,2020-09-05
125,20200904,56,6149844.0,75087813.0,10118.0,34191.0,370119.0,6924.0,18012.0,1995.0,1943.0,2020-09-04T24:00:00Z,179876.0,370119.0,89029834,2020-09-04T24:00:00Z,,0,0,1002,1227,879536,51604,1080535,4bb169de6d62524cd2bc611f889ceaba14ffd079,2020-09-04
126,20200903,56,6098240.0,74208277.0,9987.0,34747.0,368892.0,6921.0,17894.0,2042.0,1928.0,2020-09-03T24:00:00Z,178874.0,368892.0,87949299,2020-09-03T24:00:00Z,,0,0,1071,1491,682296,44775,895967,77153e4660c215806894ef45523366c150566c0d,2020-09-03
127,20200902,56,6053465.0,73525981.0,9293.0,35667.0,367401.0,7087.0,17784.0,2024.0,1918.0,2020-09-02T24:00:00Z,177803.0,367401.0,87053332,2020-09-02T24:00:00Z,,0,0,1032,1513,623943,30551,780574,b2b8568dbac1b3d2289c51d2e04b256ffa826f39,2020-09-02
128,20200901,56,6022914.0,72902038.0,6647.0,35334.0,365888.0,7090.0,17655.0,2042.0,1902.0,2020-09-01T24:00:00Z,176771.0,365888.0,86272758,2020-09-01T24:00:00Z,,0,0,1019,1839,628516,42316,807658,8599d8c5d208a81e9947b6983f404f60e90e176f,2020-09-01
129,20200831,56,5980598.0,72273522.0,11128.0,35423.0,364049.0,7043.0,17537.0,2077.0,1877.0,2020-08-31T24:00:00Z,175752.0,364049.0,85465100,2020-08-31T24:00:00Z,,0,0,377,751,623084,31618,696801,7787443320366149c73f8654f20f0b655171641c,2020-08-31
130,20200830,56,5948980.0,71650438.0,11148.0,35801.0,363298.0,7268.0,17439.0,2055.0,1870.0,2020-08-30T24:00:00Z,175375.0,363298.0,84768299,2020-08-30T24:00:00Z,,0,0,474,662,693925,38788,829988,8f8ef088f5142cde9dc26cb3a7ee8031d7fd5abe,2020-08-30
131,20200829,56,5910192.0,70956513.0,11151.0,36516.0,362636.0,7413.0,17401.0,2062.0,1864.0,2020-08-29T24:00:00Z,174901.0,362636.0,83938311,2020-08-29T24:00:00Z,,0,0,1015,1284,700397,43941,885790,9da8037ec64b5216e9e104fcb8fe53838b3cc498,2020-08-29
132,20200828,56,5866251.0,70256116.0,10428.0,37351.0,361352.0,7558.0,17304.0,2086.0,1856.0,2020-08-28T24:00:00Z,173886.0,361352.0,83052521,2020-08-28T24:00:00Z,,0,0,1024,1627,714458,46218,909013,c48208690ca43f9bacbdf8ec4c20f4c9e0836da5,2020-08-28
133,20200827,56,5820033.0,69541658.0,11168.0,37529.0,359725.0,7717.0,17181.0,2125.0,1831.0,2020-08-27T24:00:00Z,172862.0,359725.0,82143508,2020-08-27T24:00:00Z,,0,0,1128,1659,712501,44121,849813,8bd7f76d1850a8cc0ee03e61d33484283a646e05,2020-08-27
134,20200826,56,5775912.0,68829157.0,4081.0,38501.0,358066.0,7737.0,17046.0,2142.0,1809.0,2020-08-26T24:00:00Z,171734.0,358066.0,81293695,2020-08-26T24:00:00Z,,0,0,1297,1819,609206,44275,762350,4f064de3a66ccc833546d3d557450e8026f2cfae,2020-08-26
135,20200825,56,5731637.0,68219951.0,4091.0,38842.0,356247.0,7863.0,16920.0,2163.0,1789.0,2020-08-25T24:00:00Z,170437.0,356247.0,80531345,2020-08-25T24:00:00Z,,0,0,1145,1954,622864,36857,719504,6af8554a3f79f3a05df6ea94e46f7e57459922d1,2020-08-25
136,20200824,56,5694780.0,67597087.0,4143.0,38776.0,354293.0,7851.0,16787.0,2118.0,1764.0,2020-08-24T24:00:00Z,169292.0,354293.0,79811841,2020-08-24T24:00:00Z,,0,0,344,1075,651524,34534,743378,482a9c77b464b436786bd974768612c5f742e634,2020-08-24
137,20200823,56,5660246.0,66945563.0,4149.0,39064.0,353218.0,7949.0,16697.0,2131.0,1737.0,2020-08-23T24:00:00Z,168948.0,353218.0,79068463,2020-08-23T24:00:00Z,,0,0,574,698,576561,37838,705870,b67930415aa0f205ce5dd2d43174ba9a4022cfe1,2020-08-23
138,20200822,56,5622408.0,66369002.0,4154.0,40017.0,352520.0,8207.0,16657.0,2204.0,1736.0,2020-08-22T24:00:00Z,168374.0,352520.0,78362593,2020-08-22T24:00:00Z,,0,0,1036,1598,692888,46087,878423,bb9504aeedbe3c1c245fe6d4e95da1da26a5fd28,2020-08-22
139,20200821,56,5576321.0,65676114.0,4199.0,41047.0,350922.0,8357.0,16563.0,2286.0,1730.0,2020-08-21T24:00:00Z,167338.0,350922.0,77484170,2020-08-21T24:00:00Z,,0,0,1117,1767,716846,46417,897614,8a05253748694c1696a4b2e37fae09c5c576a7a0,2020-08-21
140,20200820,56,5529904.0,64959268.0,4170.0,42081.0,349155.0,8483.0,16487.0,2335.0,1716.0,2020-08-20T24:00:00Z,166221.0,349155.0,76586556,2020-08-20T24:00:00Z,,0,0,1122,1975,645723,43945,847096,1d6e4a5a9030b7b76a16772d981efd0e1046114b,2020-08-20
141,20200819,56,5485959.0,64313545.0,4374.0,43395.0,347180.0,8744.0,16377.0,2371.0,1705.0,2020-08-19T24:00:00Z,165099.0,347180.0,75739460,2020-08-19T24:00:00Z,,0,0,1413,1996,677536,45042,831512,d4d409d9168463c61c2837056acfc2b748d6a5d1,2020-08-19
142,20200818,56,5440917.0,63636009.0,4412.0,43848.0,345184.0,8866.0,16123.0,2468.0,1695.0,2020-08-18T24:00:00Z,163686.0,345184.0,74907948,2020-08-18T24:00:00Z,,0,0,1188,2227,639316,40106,760569,803c9be892018776a0199e1b93054e598b010c5c,2020-08-18
143,20200817,56,5400811.0,62996693.0,4298.0,43596.0,342957.0,8871.0,15985.0,2447.0,1678.0,2020-08-17T24:00:00Z,162498.0,342957.0,74147379,2020-08-17T24:00:00Z,,0,0,409,1274,602852,37696,717395,4722b7153baa184c418c168afa5160af00995cce,2020-08-17
144,20200816,56,5363115.0,62393841.0,4302.0,44155.0,341683.0,8958.0,15924.0,2481.0,1665.0,2020-08-16T24:00:00Z,162089.0,341683.0,73429984,2020-08-16T24:00:00Z,,0,0,618,685,646891,42342,753545,43b1fad9146281e727cebf398d8a47c8fb27f48f,2020-08-16
145,20200815,56,5320773.0,61746950.0,4452.0,44922.0,340998.0,9087.0,15891.0,2526.0,1663.0,2020-08-15T24:00:00Z,161471.0,340998.0,72676439,2020-08-15T24:00:00Z,,0,0,1226,1881,691951,56138,881692,e5d9945c6f3520e9ef5707291fce9888aa198bb7,2020-08-15
146,20200814,56,5264635.0,61054999.0,4415.0,45860.0,339117.0,9277.0,15764.0,2549.0,1665.0,2020-08-14T24:00:00Z,160245.0,339117.0,71794747,2020-08-14T24:00:00Z,,0,0,1220,2143,790288,57136,968664,f4f6feefc0bd918085196887dac29e12c8881de2,2020-08-14
147,20200813,56,5207499.0,60264711.0,4239.0,47322.0,336974.0,9487.0,15629.0,2579.0,1649.0,2020-08-13T24:00:00Z,159025.0,336974.0,70826083,2020-08-13T24:00:00Z,,0,0,1164,2651,763463,51793,936557,2cd3035cf436934403357363ddd779d9201720f1,2020-08-13
148,20200812,56,5155706.0,59501248.0,4174.0,48046.0,334323.0,9555.0,15524.0,2604.0,1629.0,2020-08-12T24:00:00Z,157861.0,334323.0,69889526,2020-08-12T24:00:00Z,,0,0,1513,2988,462992,56148,584674,a8c56dc1327fdc61c0e74198642be805dd564467,2020-08-12
149,20200811,56,5099558.0,59038256.0,4118.0,48620.0,331335.0,9136.0,15331.0,2415.0,1612.0,2020-08-11T24:00:00Z,156348.0,331335.0,69304852,2020-08-11T24:00:00Z,,0,0,1330,2599,725726,55005,830544,18b138fa82f24b3687821ded7b714167b187cfd1,2020-08-11
150,20200810,56,5044553.0,58312530.0,3966.0,48761.0,328736.0,9216.0,15158.0,2533.0,1592.0,2020-08-10T24:00:00Z,155018.0,328736.0,68474308,2020-08-10T24:00:00Z,,0,0,430,1594,656579,41324,763640,9a9d2766fb3d987427ddfb1d6f210cfc30e87202,2020-08-10
151,20200809,56,5003229.0,57655951.0,3871.0,48997.0,327142.0,9307.0,15081.0,2507.0,1578.0,2020-08-09T24:00:00Z,154588.0,327142.0,67710668,2020-08-09T24:00:00Z,,0,0,615,862,674467,50654,786521,f7534b7bd1fa8a7b80853cb97b3f2aa51fc6d9a1,2020-08-09
152,20200808,56,4952575.0,56981484.0,3888.0,50071.0,326280.0,9662.0,15024.0,2566.0,1561.0,2020-08-08T24:00:00Z,153973.0,326280.0,66924147,2020-08-08T24:00:00Z,,0,0,1084,1479,642242,53492,774108,5a1d3631a972783fa0c144a40f4163f0e8fc4137,2020-08-08
153,20200807,56,4899083.0,56339242.0,3988.0,51301.0,324801.0,9691.0,14925.0,2617.0,1549.0,2020-08-07T24:00:00Z,152889.0,324801.0,66150039,2020-08-07T24:00:00Z,,0,0,1331,7992,703374,60988,882158,72c5cb69a260bfd903708e0de3e7447160b29787,2020-08-07
154,20200806,56,4838095.0,55635868.0,3903.0,53221.0,316809.0,9994.0,14810.0,2718.0,1534.0,2020-08-06T24:00:00Z,151558.0,316809.0,65267881,2020-08-06T24:00:00Z,,0,0,1237,2594,692895,54014,850122,deef8e2e7d1c266f06f9d278b234457c1237e75b,2020-08-06
155,20200805,56,4784081.0,54942973.0,3842.0,53444.0,314215.0,9986.0,14687.0,2719.0,1524.0,2020-08-05T24:00:00Z,150321.0,314215.0,64417759,2020-08-05T24:00:00Z,,0,0,1355,2123,670244,52645,819895,7fbf2c445d3a8b72b5952f135134a677c9d754dd,2020-08-05
156,20200804,56,4731436.0,54272729.0,3789.0,53440.0,312092.0,10207.0,14537.0,2701.0,1493.0,2020-08-04T24:00:00Z,148966.0,312092.0,63597864,2020-08-04T24:00:00Z,,0,0,1244,4408,670695,51262,788935,151a150a517171ef52c00e8819286aff7a2b24f4,2020-08-04
157,20200803,56,4680174.0,53602034.0,3662.0,53524.0,307684.0,10230.0,14370.0,2659.0,1463.0,2020-08-03T24:00:00Z,147722.0,307684.0,62808929,2020-08-03T24:00:00Z,,0,0,517,1606,621213,42727,732974,1eb00f41608d421d5b4f03b0365a84b24f7a626d,2020-08-03
158,20200802,56,4637447.0,52980821.0,3888.0,54106.0,306078.0,10415.0,14288.0,2645.0,1448.0,2020-08-02T24:00:00Z,147205.0,306078.0,62075955,2020-08-02T24:00:00Z,,0,0,494,831,657799,53256,778782,9200afe69a4c9876c39799db7da210a78abd2a2b,2020-08-02
159,20200801,56,4584191.0,52323022.0,3975.0,54554.0,305247.0,10450.0,14227.0,2698.0,1445.0,2020-08-01T24:00:00Z,146711.0,305247.0,61297173,2020-08-01T24:00:00Z,,0,0,1198,2366,645275,60643,802368,403acfc7d39e86e28796f56e5416dee02ccc2c6b,2020-08-01
160,20200731,56,4523548.0,51677747.0,3956.0,55700.0,302881.0,10472.0,14044.0,2703.0,1437.0,2020-07-31T24:00:00Z,145513.0,302881.0,60494805,2020-07-31T24:00:00Z,,0,0,1329,2533,650117,67778,989840,2c6feab4cd909bee86d75498bf95ae37fef3c2be,2020-07-31
161,20200730,56,4455770.0,51027630.0,3947.0,56565.0,300348.0,10523.0,13875.0,2760.0,1415.0,2020-07-30T24:00:00Z,144184.0,300348.0,59504965,2020-07-30T24:00:00Z,,0,0,1245,3279,721591,69066,886513,54ab0301c55be800768b3cae74ed0c59b7ae1394,2020-07-30
162,20200729,56,4386704.0,50306039.0,3840.0,57427.0,297069.0,10539.0,13744.0,2772.0,1400.0,2020-07-29T24:00:00Z,142939.0,297069.0,58618452,2020-07-29T24:00:00Z,,0,0,1497,2868,756609,64120,908301,11aca8490e5f2d83a973dfe5cdffe876827e1828,2020-07-29
163,20200728,56,4322584.0,49549430.0,3600.0,57178.0,294201.0,10463.0,13559.0,2752.0,1372.0,2020-07-28T24:00:00Z,141442.0,294201.0,57710151,2020-07-28T24:00:00Z,,0,0,1125,4051,724269,58455,839078,9770035ae795e84703726d8edef9bb8b16f56f13,2020-07-28
164,20200727,56,4264129.0,48825161.0,3398.0,58991.0,290150.0,10328.0,13412.0,2720.0,1356.0,2020-07-27T24:00:00Z,140317.0,290150.0,56871073,2020-07-27T24:00:00Z,,0,0,1063,1671,658865,54543,782980,4314c3588176a7a3e87d783d7470c79fec4d7540,2020-07-27
165,20200726,56,4209586.0,48166296.0,3361.0,58731.0,288479.0,10353.0,13343.0,2723.0,1336.0,2020-07-26T24:00:00Z,139254.0,288479.0,56088093,2020-07-26T24:00:00Z,,0,0,560,1380,735436,60646,850354,9678bd60a6648f08296f8259d1e43c8279c0d72f,2020-07-26
166,20200725,56,4148940.0,47430860.0,3377.0,59382.0,287099.0,10380.0,13279.0,2729.0,1300.0,2020-07-25T24:00:00Z,138694.0,287099.0,55237739,2020-07-25T24:00:00Z,,0,0,1009,1811,703714,64842,869510,0a48230780329568f2bd01b455bc68579505295d,2020-07-25
167,20200724,56,4084098.0,46727146.0,3409.0,59808.0,285288.0,10395.0,13182.0,2711.0,1297.0,2020-07-24T24:00:00Z,137685.0,285288.0,54368229,2020-07-24T24:00:00Z,,0,0,1180,3040,851304,75132,1007606,22da52e9f740ca5c01b5e69772c7476331b49936,2020-07-24
168,20200723,56,4008966.0,45875842.0,3179.0,59854.0,282248.0,10414.0,12933.0,2465.0,1280.0,2020-07-23T24:00:00Z,136505.0,282248.0,53360623,2020-07-23T24:00:00Z,,0,0,1074,2378,770223,71502,923276,a615546730a67d216f2b99c00e6c6cd7ffef08b6,2020-07-23
169,20200722,56,3937464.0,45105619.0,3051.0,59752.0,279870.0,10457.0,12790.0,2440.0,1258.0,2020-07-22T24:00:00Z,135431.0,279870.0,52437347,2020-07-22T24:00:00Z,,0,0,1142,2246,735457,69384,912109,82a8cfca8dd923baabebe6d93c466783a4aa6ad4,2020-07-22
170,20200721,56,3868080.0,44370162.0,3197.0,59480.0,277624.0,6711.0,12629.0,2414.0,1242.0,2020-07-21T24:00:00Z,134289.0,277624.0,51525238,2020-07-21T24:00:00Z,,0,0,1046,2510,689676,62944,827979,882c8a370c1d3300a539261013027b2d75fda531,2020-07-21
171,20200720,56,3805136.0,43680486.0,3003.0,58509.0,275114.0,6557.0,12475.0,2403.0,1223.0,2020-07-20T24:00:00Z,133243.0,275114.0,50697259,2020-07-20T24:00:00Z,,0,0,375,1623,623131,56501,735912,2acda569d086af71fec7c78535d229b89e4640a0,2020-07-20
172,20200719,56,3748635.0,43057355.0,3052.0,58052.0,273491.0,6384.0,12393.0,2362.0,1216.0,2020-07-19T24:00:00Z,132868.0,273491.0,49961347,2020-07-19T24:00:00Z,,0,0,527,888,663379,64313,793533,0051e6fba7cc2bd7f4fd520c1100b1e9bd344c88,2020-07-19
173,20200718,56,3684322.0,42393976.0,3032.0,57822.0,272603.0,6397.0,12342.0,2343.0,1211.0,2020-07-18T24:00:00Z,132341.0,272603.0,49167814,2020-07-18T24:00:00Z,,0,0,874,1976,680144,64804,855044,3577b9e58d6870a8ea5a5e42ab9a988ae928582e,2020-07-18
174,20200717,56,3619518.0,41713832.0,3002.0,57894.0,270627.0,6452.0,12243.0,2353.0,1200.0,2020-07-17T24:00:00Z,131467.0,270627.0,48312770,2020-07-17T24:00:00Z,,0,0,942,2480,767480,76389,930561,4f1fc590ab2e0e36c4204db5abf5242e408ddb66,2020-07-17
175,20200716,56,3543129.0,40946352.0,2929.0,57614.0,268147.0,6359.0,12091.0,2317.0,1175.0,2020-07-16T24:00:00Z,130525.0,268147.0,47382209,2020-07-16T24:00:00Z,,0,0,940,2195,784873,70641,943888,295ca17e35d7a9fa438fa8273ebf72c86c56a58d,2020-07-16
176,20200715,56,3472488.0,40161479.0,2947.0,56312.0,265952.0,6317.0,12002.0,2317.0,1166.0,2020-07-15T24:00:00Z,129585.0,265952.0,46438321,2020-07-15T24:00:00Z,,0,0,859,2404,751015,69282,911031,f5b18a5538db4e4b55ec7b1142becdad09ebe41a,2020-07-15
177,20200714,56,3403206.0,39410464.0,960.0,55667.0,263548.0,6235.0,11857.0,2263.0,1154.0,2020-07-14T24:00:00Z,128726.0,263548.0,45527290,2020-07-14T24:00:00Z,,0,0,745,2212,735682,58708,846309,becbd702c72256a874ccf68f6f957cf1d46141ba,2020-07-14
178,20200713,56,3344498.0,38674782.0,2610.0,54156.0,261336.0,6074.0,11749.0,2259.0,1142.0,2020-07-13T24:00:00Z,127981.0,261336.0,44680981,2020-07-13T24:00:00Z,,0,0,330,1174,616946,57109,751394,383bec162bed67be2610cb40bcf8bc6b5c462629,2020-07-13
179,20200712,56,3287389.0,38057836.0,2639.0,52860.0,260162.0,5930.0,11679.0,2182.0,1136.0,2020-07-12T24:00:00Z,127651.0,260162.0,43929587,2020-07-12T24:00:00Z,,0,0,474,894,687235,61527,814587,af231d90cb3c7e257df0e9e36eef2f741c6c1b0f,2020-07-12
180,20200711,56,3225862.0,37370601.0,2618.0,51982.0,259268.0,5939.0,11612.0,2169.0,1128.0,2020-07-11T24:00:00Z,127177.0,259268.0,43115000,2020-07-11T24:00:00Z,,0,0,753,5070,679202,62700,817799,d3259716bbf7309192733feda5c6fbee2531b59d,2020-07-11
181,20200710,56,3163162.0,36691399.0,2493.0,51740.0,254198.0,5896.0,11523.0,2197.0,1118.0,2020-07-10T24:00:00Z,126424.0,254198.0,42297201,2020-07-10T24:00:00Z,,0,0,835,2207,760790,67006,899143,fa7a928fb7ec962efe6d796318e01d9dca3427be,2020-07-10
182,20200709,56,3096156.0,35930609.0,2530.0,44055.0,251991.0,5845.0,11370.0,2127.0,1138.0,2020-07-09T24:00:00Z,125589.0,251991.0,41398058,2020-07-09T24:00:00Z,,0,0,865,1654,691925,59221,846388,1b3cd241119ad3af849ea64f4130f1e1661b2e33,2020-07-09
183,20200708,56,3036935.0,35238684.0,2360.0,43204.0,250337.0,5874.0,11303.0,2172.0,1103.0,2020-07-08T24:00:00Z,124724.0,250337.0,40551670,2020-07-08T24:00:00Z,,0,0,818,1888,633786,62815,781095,4e57755fc69a8ee93f54aeb947b75408e0c073f8,2020-07-08
184,20200707,56,2974120.0,34604898.0,2136.0,41957.0,248449.0,5832.0,11177.0,2098.0,1084.0,2020-07-07T24:00:00Z,123906.0,248449.0,39770575,2020-07-07T24:00:00Z,,0,0,910,1936,609539,51035,727385,4ff72579b90f7c2c66ad7bbd72bcffc26c77e1c1,2020-07-07
185,20200706,56,2923085.0,33995359.0,1907.0,39970.0,246513.0,5687.0,11058.0,2105.0,1070.0,2020-07-06T24:00:00Z,122996.0,246513.0,39043190,2020-07-06T24:00:00Z,,0,0,235,818,475313,40790,646082,a01c236e7eeb2be49f66848f1fae2cedf822209e,2020-07-06
186,20200705,56,2882295.0,33520046.0,1885.0,38872.0,245695.0,5653.0,11010.0,2080.0,1064.0,2020-07-05T24:00:00Z,122761.0,245695.0,38397108,2020-07-05T24:00:00Z,,0,0,207,582,585678,45340,639759,7d3fed5e86512ef9772b86e492b511d32cfaaf59,2020-07-05
187,20200704,56,2836955.0,32934368.0,2083.0,38281.0,245113.0,5633.0,10977.0,1982.0,1063.0,2020-07-04T24:00:00Z,122554.0,245113.0,37757349,2020-07-04T24:00:00Z,,0,0,300,872,578067,54833,678558,33899a5a2e9d3c0b15555970068d63aa9a9993b5,2020-07-04
188,20200703,56,2782122.0,32356301.0,2237.0,37927.0,244241.0,5597.0,10936.0,2049.0,1059.0,2020-07-03T24:00:00Z,122254.0,244241.0,37078791,2020-07-03T24:00:00Z,,0,0,602,1344,696869,54178,779172,9cb33ba5869e276af400d1398c0a1a695f0396c8,2020-07-03
189,20200702,56,2727944.0,31659432.0,2208.0,37627.0,242897.0,5626.0,10843.0,2105.0,1041.0,2020-07-02T24:00:00Z,121652.0,242897.0,36299619,2020-07-02T24:00:00Z,,0,0,699,1694,644692,53599,777063,f9068ca77e6aae63a79d48aa8e68b03c451e0de8,2020-07-02
190,20200701,56,2674345.0,31014740.0,2604.0,36569.0,241203.0,5512.0,10752.0,2098.0,1027.0,2020-07-01T24:00:00Z,120953.0,241203.0,35522556,2020-07-01T24:00:00Z,,0,0,696,1433,635852,51150,739606,e9c7a37906139edb1e70ec55921012f26da443ad,2020-07-01
191,20200630,56,2623195.0,30378888.0,2432.0,35335.0,239770.0,5424.0,10669.0,2044.0,1008.0,2020-06-30T24:00:00Z,120257.0,239770.0,34782950,2020-06-30T24:00:00Z,,0,0,580,1483,619175,47037,711558,e56e14798c8ca1fc382c2316ef53c45e5532580a,2020-06-30
192,20200629,56,2576158.0,29759713.0,2194.0,33744.0,238287.0,5380.0,10542.0,2011.0,990.0,2020-06-29T24:00:00Z,119677.0,238287.0,34071392,2020-06-29T24:00:00Z,,0,0,338,734,599931,39295,670636,fc14f6e94e2545e5af938d7ac379d6a1ec739329,2020-06-29
193,20200628,56,2536863.0,29159782.0,2198.0,32575.0,237553.0,5252.0,10473.0,2077.0,983.0,2020-06-28T24:00:00Z,119339.0,237553.0,33400756,2020-06-28T24:00:00Z,,0,0,273,547,538150,41716,618154,fcba83f2ca43456442cca8433738b5040214ce2e,2020-06-28
194,20200627,56,2495147.0,28621632.0,2186.0,32566.0,237006.0,5314.0,10415.0,2159.0,977.0,2020-06-27T24:00:00Z,119066.0,237006.0,32782602,2020-06-27T24:00:00Z,,0,0,503,1048,615114,43084,695614,88d65ab13f884e407428854c584008d5058d5453,2020-06-27
195,20200626,56,2452063.0,28006518.0,2201.0,31810.0,235958.0,5283.0,10334.0,2075.0,966.0,2020-06-26T24:00:00Z,118563.0,235958.0,32086988,2020-06-26T24:00:00Z,,0,0,621,1546,602910,44466,800967,91a2f8b9e5a8b356e080fba589ec0c95382dbd94,2020-06-26
196,20200625,56,2407597.0,27403608.0,2133.0,31926.0,234412.0,5320.0,10257.0,2214.0,951.0,2020-06-25T24:00:00Z,117942.0,234412.0,31286021,2020-06-25T24:00:00Z,,0,0,647,1279,646652,39661,701844,c2947eefda145517ae5fb6c49e03a8e0a82dc0d1,2020-06-25
197,20200624,56,2367936.0,26756956.0,2049.0,31271.0,233133.0,5293.0,10173.0,2248.0,934.0,2020-06-24T24:00:00Z,117295.0,233133.0,30584177,2020-06-24T24:00:00Z,,0,0,707,1255,522649,39096,557922,49e46b799aec7f71ffe6e4aa335ca8425d7d6fa5,2020-06-24
198,20200623,56,2328840.0,26234307.0,1891.0,30394.0,231878.0,5402.0,10077.0,2293.0,918.0,2020-06-23T24:00:00Z,116588.0,231878.0,30026255,2020-06-23T24:00:00Z,,0,0,722,1262,467015,33492,657983,db954da87393fe6e3f2429ca076c6074a0433815,2020-06-23
199,20200622,56,2295348.0,25767292.0,2028.0,28954.0,230616.0,5323.0,10002.0,2299.0,909.0,2020-06-22T24:00:00Z,115866.0,230616.0,29368272,2020-06-22T24:00:00Z,,0,0,289,847,444448,26788,490128,614ebbaa8547f9ed224c02dec23f8b8541344545,2020-06-22
200,20200621,56,2268560.0,25322844.0,2084.0,28325.0,229769.0,5195.0,9944.0,2321.0,904.0,2020-06-21T24:00:00Z,115577.0,229769.0,28878144,2020-06-21T24:00:00Z,,0,0,293,519,460394,29197,497544,84e2d47f9749965478f88e772c97eb8cfdc0ddc6,2020-06-21
201,20200620,56,2239363.0,24862450.0,2108.0,28084.0,229250.0,5229.0,9908.0,2380.0,888.0,2020-06-20T24:00:00Z,115284.0,229250.0,28380600,2020-06-20T24:00:00Z,,0,0,615,686,540543,32208,606435,a7a2ce3483bc17197aff8a24e496f600f857da4c,2020-06-20
202,20200619,56,2207155.0,24321907.0,2032.0,28706.0,228564.0,5341.0,9876.0,2434.0,884.0,2020-06-19T24:00:00Z,114669.0,228564.0,27774165,2020-06-19T24:00:00Z,,0,0,649,1587,588255,30923,653025,f4a37163241e31c49925b322be06f27adf58b4f0,2020-06-19
203,20200618,56,2176232.0,23733652.0,1903.0,28521.0,226977.0,5464.0,9736.0,2520.0,869.0,2020-06-18T24:00:00Z,114020.0,226977.0,27121140,2020-06-18T24:00:00Z,,0,0,685,1095,496015,27070,556025,d4f2d68a1d4d90a4844cf6e617de6b90a7c778a7,2020-06-18
204,20200617,56,2149162.0,23237637.0,1745.0,28664.0,225882.0,5612.0,9665.0,2588.0,857.0,2020-06-17T24:00:00Z,113335.0,225882.0,26565115,2020-06-17T24:00:00Z,,0,0,779,1081,498111,23995,556990,57346d6e544e486e767bf28cc469cd66c3c98101,2020-06-17
205,20200616,56,2125167.0,22739526.0,1604.0,28386.0,224801.0,5570.0,9590.0,2594.0,845.0,2020-06-16T24:00:00Z,112556.0,224801.0,26008125,2020-06-16T24:00:00Z,,0,0,718,1173,452845,22932,503579,1c625d1c02867941a1bac612df646b2f32b3084c,2020-06-16
206,20200615,56,2102235.0,22286681.0,1619.0,28026.0,223628.0,5703.0,9516.0,2640.0,835.0,2020-06-15T24:00:00Z,111838.0,223628.0,25504546,2020-06-15T24:00:00Z,,0,0,387,688,408982,18338,444253,c07f33acf51323c33e9f0a9b32cb723637d60e4f,2020-06-15
207,20200614,56,2083897.0,21877699.0,1672.0,28020.0,222940.0,5749.0,9466.0,2716.0,834.0,2020-06-14T24:00:00Z,111451.0,222940.0,25060293,2020-06-14T24:00:00Z,,0,0,356,610,449034,21601,477905,844bd8be81a1a0dcd08c1bc1f82a2896cf34b828,2020-06-14
208,20200613,56,2062296.0,21428665.0,1698.0,28578.0,222330.0,5883.0,9430.0,2726.0,830.0,2020-06-13T24:00:00Z,111095.0,222330.0,24582388,2020-06-13T24:00:00Z,,0,0,693,943,489337,25471,538738,590a7a2b9cffe2d8b570678284be4c1e3c5cb20a,2020-06-13
209,20200612,56,2036825.0,20939328.0,1783.0,29309.0,221387.0,6017.0,9373.0,2734.0,814.0,2020-06-12T24:00:00Z,110402.0,221387.0,24043650,2020-06-12T24:00:00Z,,0,0,766,1380,614456,23104,626073,ab84013304f31ced96f0506f972a7ec61fe8f474,2020-06-12
210,20200611,56,2013721.0,20324872.0,1816.0,29844.0,220007.0,6074.0,9295.0,2886.0,792.0,2020-06-11T24:00:00Z,109636.0,220007.0,23417577,2020-06-11T24:00:00Z,,0,0,898,1527,434377,22096,483679,2a4862a53e19fa6c14f1691d07fcfebad18c8f94,2020-06-11
211,20200610,56,1991625.0,19890495.0,1737.0,30952.0,218480.0,6249.0,9225.0,3020.0,780.0,2020-06-10T24:00:00Z,108738.0,218480.0,22933898,2020-06-10T24:00:00Z,,0,0,888,1237,432875,20886,478575,aee8c9449c082ce48a5561995a301b159c2f7664,2020-06-10
212,20200609,56,1970739.0,19457620.0,1661.0,31187.0,217243.0,6457.0,9141.0,3090.0,771.0,2020-06-09T24:00:00Z,107850.0,217243.0,22455323,2020-06-09T24:00:00Z,,0,0,891,1263,404822,16868,453404,c41b6c7b0b6c837231a42e17a96c6a5f27328886,2020-06-09
213,20200608,56,1953871.0,19052798.0,1606.0,31121.0,215980.0,6402.0,9013.0,3240.0,762.0,2020-06-08T24:00:00Z,106959.0,215980.0,22001919,2020-06-08T24:00:00Z,,0,0,674,1095,367221,16891,405152,81c05fd13eaddf746c467414fb67e53d89d8dcb7,2020-06-08
214,20200607,56,1936980.0,18685577.0,1733.0,31490.0,214885.0,6501.0,8957.0,3298.0,753.0,2020-06-07T24:00:00Z,106285.0,214885.0,21596767,2020-06-07T24:00:00Z,,0,0,446,655,414355,19110,431264,e97f8182dab59aa8e2aba7e45cb62ec7ab250336,2020-06-07
215,20200606,56,1917870.0,18271222.0,1796.0,31994.0,214230.0,6762.0,8920.0,3476.0,750.0,2020-06-06T24:00:00Z,105839.0,214230.0,21165503,2020-06-06T24:00:00Z,,0,0,714,982,517003,22742,562389,cd06d5170fb58a0defbc4bdf9b5e0590130f72bd,2020-06-06
216,20200605,56,1895128.0,17754219.0,1749.0,32499.0,213248.0,6920.0,8863.0,3523.0,740.0,2020-06-05T24:00:00Z,105125.0,213248.0,20603114,2020-06-05T24:00:00Z,,0,0,837,1513,503769,23071,612365,16ca7855afa9b0ebb07b68111e7d905229f17b07,2020-06-05
217,20200604,56,1872057.0,17250450.0,3474.0,32814.0,211735.0,7057.0,8787.0,3665.0,723.0,2020-06-04T24:00:00Z,104288.0,211735.0,19990749,2020-06-04T24:00:00Z,,0,0,881,0,451082,20488,510223,43b273f72ae50d53c0da2606f8f9489cad12397d,2020-06-04
218,20200603,56,1851569.0,16799368.0,3556.0,33237.0,214584.0,7227.0,8688.0,3749.0,717.0,2020-06-03T24:00:00Z,103407.0,214584.0,19480526,2020-06-03T24:00:00Z,,0,0,974,2145,473759,20213,493851,c9fcb1b2958fc149b849e55bcd1367402006d4df,2020-06-03
219,20200602,56,1831356.0,16325609.0,4054.0,33950.0,212439.0,7407.0,8566.0,3852.0,710.0,2020-06-02T24:00:00Z,102433.0,212439.0,18986675,2020-06-02T24:00:00Z,,0,0,973,1736,417664,19853,458539,74cd988473f0fad4a7de15e2d8f1d6da32e27b5b,2020-06-02
220,20200601,56,1811503.0,15907945.0,3455.0,34316.0,210703.0,7591.0,8485.0,3950.0,704.0,2020-06-01T24:00:00Z,101460.0,210703.0,18528136,2020-06-01T24:00:00Z,,0,0,680,2858,386950,20102,416421,378ad6ec6cfb592481443fd01eecb03fc08a32f7,2020-06-01
221,20200531,56,1791401.0,15520995.0,3270.0,34911.0,207845.0,7626.0,8445.0,3669.0,704.0,2020-05-31T24:00:00Z,100780.0,207845.0,18111715,2020-05-31T24:00:00Z,,0,0,653,896,371712,21645,423510,6832a68d1b7ee73cd75249126364c83541e591c0,2020-05-31
222,20200530,56,1769756.0,15149283.0,1668.0,35735.0,206949.0,7956.0,8305.0,4004.0,698.0,2020-05-30T24:00:00Z,100127.0,206949.0,17688205,2020-05-30T24:00:00Z,,0,0,925,1425,407492,23605,452322,13616b35b2a097bad0fea0b7ffc2723ce29171ba,2020-05-30
223,20200529,56,1746151.0,14741791.0,2978.0,36948.0,205524.0,8174.0,8235.0,4032.0,689.0,2020-05-29T24:00:00Z,99202.0,205524.0,17235883,2020-05-29T24:00:00Z,,0,0,1171,1565,482100,23615,533564,51b5e174592d5c1fb1dde4f6a63780cc8074d7ae,2020-05-29
224,20200528,56,1722536.0,14259691.0,1906.0,38003.0,203959.0,8389.0,8109.0,4080.0,676.0,2020-05-28T24:00:00Z,98031.0,203959.0,16702319,2020-05-28T24:00:00Z,,0,0,1238,1596,443011,22776,488986,5ccf51597c1a169280de0d8f4a2c2882f8c339d8,2020-05-28
225,20200527,56,1699760.0,13816680.0,3132.0,38297.0,202363.0,8547.0,8015.0,4222.0,666.0,2020-05-27T24:00:00Z,96793.0,202363.0,16213333,2020-05-27T24:00:00Z,,0,0,1335,1563,293307,19225,423980,6f193cda3e49c791827ea8cac2b1df14d42551b3,2020-05-27
226,20200526,56,1680535.0,13523373.0,1549.0,37775.0,200800.0,8585.0,7899.0,4215.0,650.0,2020-05-26T24:00:00Z,95458.0,200800.0,15789353,2020-05-26T24:00:00Z,,0,0,665,17287,287943,16686,315661,ab879fb72d3ec945d5029f0fb7aca71b03ba8542,2020-05-26
227,20200525,56,1663849.0,13235430.0,3368.0,37711.0,183513.0,8467.0,7847.0,4237.0,642.0,2020-05-25T24:00:00Z,94793.0,183513.0,15473692,2020-05-25T24:00:00Z,,0,0,555,901,392457,18538,409696,7afeff391f74d5f7b8839cebf00f3b6f8bdf2258,2020-05-25
228,20200524,56,1645311.0,12842973.0,3860.0,37757.0,182612.0,8485.0,7801.0,4383.0,639.0,2020-05-24T24:00:00Z,94238.0,182612.0,15063996,2020-05-24T24:00:00Z,,0,0,689,1027,372251,19077,386096,f763f16d4b2c0466b914767e09cf0717722cf5ed,2020-05-24
229,20200523,56,1626234.0,12470722.0,4084.0,38581.0,181585.0,8733.0,7770.0,4620.0,638.0,2020-05-23T24:00:00Z,93549.0,181585.0,14677900,2020-05-23T24:00:00Z,,0,0,1038,1383,399010,22538,450736,c50634c0d74bce334df10eacbcfbe1890c3a2a85,2020-05-23
230,20200522,56,1603696.0,12071712.0,3709.0,40014.0,180202.0,9049.0,7689.0,4716.0,633.0,2020-05-22T24:00:00Z,92511.0,180202.0,14227164,2020-05-22T24:00:00Z,,0,0,1291,3945,417162,24146,450161,e37e38ac285d91d64600e4d58b6aa13a54aff4db,2020-05-22
231,20200521,56,1579550.0,11654550.0,3641.0,41347.0,176257.0,9090.0,7412.0,4868.0,616.0,2020-05-21T24:00:00Z,91220.0,176257.0,13777003,2020-05-21T24:00:00Z,,0,0,1377,4547,453921,26772,513493,9239b2e04c9b35f735a366d2a5e5a0ec0f7f779b,2020-05-21
232,20200520,56,1552778.0,11200629.0,2973.0,41871.0,171710.0,9521.0,7319.0,4911.0,613.0,2020-05-20T24:00:00Z,89843.0,171710.0,13263510,2020-05-20T24:00:00Z,,0,0,1399,1759,405774,21329,454754,2db0d514a0e869f91c2b15bab82dd76b59060181,2020-05-20
233,20200519,56,1531449.0,10794855.0,2944.0,42023.0,169951.0,9598.0,7217.0,5032.0,606.0,2020-05-19T24:00:00Z,88444.0,169951.0,12808756,2020-05-19T24:00:00Z,,0,0,1318,1549,396588,20662,421102,e8376bf9838868fdd5f364e6783e6dd4a914aad8,2020-05-19
234,20200518,56,1510787.0,10398267.0,3596.0,41921.0,168402.0,9754.0,7064.0,5257.0,602.0,2020-05-18T24:00:00Z,87126.0,168402.0,12387654,2020-05-18T24:00:00Z,,0,0,855,1133,316437,20650,347529,5829962f656476f123d68e95ce504b2d36b6481d,2020-05-18
235,20200517,56,1490137.0,10081830.0,3449.0,42022.0,167269.0,9934.0,7003.0,5467.0,593.0,2020-05-17T24:00:00Z,86271.0,167269.0,12040125,2020-05-17T24:00:00Z,,0,0,873,1130,353360,20376,348813,e3009342fa4b0f73e0ad65d76cbf72af571ec151,2020-05-17
236,20200516,56,1469761.0,9728470.0,3788.0,43507.0,166139.0,10278.0,6945.0,5529.0,592.0,2020-05-16T24:00:00Z,85398.0,166139.0,11691312,2020-05-16T24:00:00Z,,0,0,1237,1798,334482,23752,385261,df0c230173f04c801fc1487f921f749d262b4486,2020-05-16
237,20200515,56,1446009.0,9393988.0,2457.0,44551.0,164341.0,10484.0,6890.0,5746.0,589.0,2020-05-15T24:00:00Z,84161.0,164341.0,11306051,2020-05-15T24:00:00Z,,0,0,1535,1313,338296,25489,405750,d277bf4f45431bf9fcb28daf96689eb8afcf5630,2020-05-15
238,20200514,56,1420520.0,9055692.0,2673.0,45924.0,163028.0,10655.0,6795.0,5940.0,582.0,2020-05-14T24:00:00Z,82626.0,163028.0,10900301,2020-05-14T24:00:00Z,,0,0,1852,3162,335119,26706,387170,67411aaf633d7856e09b14fb2f2b9864271473b9,2020-05-14
239,20200513,56,1393814.0,8720573.0,1983.0,46918.0,159866.0,10990.0,6713.0,6156.0,572.0,2020-05-13T24:00:00Z,80774.0,159866.0,10513131,2020-05-13T24:00:00Z,,0,0,1734,1791,308763,21630,342525,4276212e97fb193466be6d180022659beeb1c569,2020-05-13
240,20200512,56,1372184.0,8411810.0,1803.0,47344.0,158075.0,11240.0,6585.0,6352.0,559.0,2020-05-12T24:00:00Z,79040.0,158075.0,10170606,2020-05-12T24:00:00Z,,0,0,1506,1483,300961,22384,341527,a8cd43e4275467db9adf72b48bf3bd320014eaf6,2020-05-12
241,20200511,56,1349800.0,8110849.0,1989.0,46550.0,156592.0,11148.0,6488.0,6350.0,551.0,2020-05-11T24:00:00Z,77534.0,156592.0,9829079,2020-05-11T24:00:00Z,,0,0,894,1369,339187,18130,371545,67906077474beb118162ae486dd5909e1bc4a42e,2020-05-11
242,20200510,56,1331670.0,7771662.0,3095.0,46760.0,155223.0,11393.0,6445.0,6395.0,547.0,2020-05-10T24:00:00Z,76640.0,155223.0,9457534,2020-05-10T24:00:00Z,,0,0,1032,1048,244680,21092,273139,8746f5e9d432e13d96e4288d358fdbeea2e26db8,2020-05-10
243,20200509,56,1310578.0,7526982.0,3054.0,48561.0,154175.0,11496.0,6367.0,6551.0,543.0,2020-05-09T24:00:00Z,75608.0,154175.0,9184395,2020-05-09T24:00:00Z,,0,0,1456,1669,281485,25333,319582,3d0e902a00107ccfae8c85e43b0aaee2837f0c7d,2020-05-09
244,20200508,56,1285245.0,7245497.0,3307.0,49758.0,152506.0,11780.0,6294.0,6788.0,531.0,2020-05-08T24:00:00Z,74152.0,152506.0,8864813,2020-05-08T24:00:00Z,,0,0,1781,6240,273449,27203,310398,4be290f756365825d41385dff2a726dd996254df,2020-05-08
245,20200507,56,1258042.0,6972048.0,3171.0,51425.0,146266.0,12136.0,5174.0,7070.0,529.0,2020-05-07T24:00:00Z,72371.0,146266.0,8554415,2020-05-07T24:00:00Z,,0,0,2752,4176,280464,27225,326186,38bd7862c20fecd944dc5506aff1913b238a20c8,2020-05-07
246,20200506,56,1230817.0,6691584.0,2742.0,52581.0,142090.0,12478.0,4911.0,4753.0,449.0,2020-05-06T24:00:00Z,69619.0,142090.0,8228229,2020-05-06T24:00:00Z,,0,0,1916,2159,236685,25253,289514,feb3f7e1fd0b151b7faaf60533d800ddc3cd9ad6,2020-05-06
247,20200505,56,1205564.0,6454899.0,2633.0,53176.0,139931.0,12628.0,4794.0,4818.0,439.0,2020-05-05T24:00:00Z,67703.0,139931.0,7938715,2020-05-05T24:00:00Z,,0,0,2494,1936,251805,22345,281704,f2a2616f1c396c372c3ba44bf76c452c465c2176,2020-05-05
248,20200504,56,1183219.0,6203094.0,2791.0,52377.0,137995.0,12696.0,4579.0,4848.0,430.0,2020-05-04T24:00:00Z,65209.0,137995.0,7657011,2020-05-04T24:00:00Z,,0,0,1028,1772,199755,22229,229591,eea1e6feccd55bef90818994502b57af04f10d16,2020-05-04
249,20200503,56,1160990.0,6003339.0,2812.0,52619.0,136223.0,12720.0,4502.0,4761.0,425.0,2020-05-03T24:00:00Z,64181.0,136223.0,7427420,2020-05-03T24:00:00Z,,0,0,1243,1854,210494,25778,237054,5fcd3f005b35129d109929398ccd7a1cff04cffa,2020-05-03
250,20200502,56,1135212.0,5792845.0,1578.0,54009.0,134369.0,12905.0,4386.0,4845.0,375.0,2020-05-02T24:00:00Z,62938.0,134369.0,7190366,2020-05-02T24:00:00Z,,0,0,1531,1986,208357,29183,266784,aa1afdca877f3616099c97d9704b7c4d3db9b924,2020-05-02
251,20200501,56,1106029.0,5584488.0,1639.0,54862.0,132383.0,12845.0,4300.0,4707.0,376.0,2020-05-01T24:00:00Z,61407.0,132383.0,6923582,2020-05-01T24:00:00Z,,0,0,1808,9878,264699,32813,283335,ceedb44deae3a5a4f208c437e97342c956bf0d1e,2020-05-01
252,20200430,56,1073216.0,5319789.0,2775.0,54921.0,122505.0,13255.0,4192.0,4712.0,373.0,2020-04-30T24:00:00Z,59599.0,122505.0,6640247,2020-04-30T24:00:00Z,,0,0,2153,2376,207965,30018,273456,10c88c270bf00f05b56651ed7f31c6c8521fb8e7,2020-04-30
253,20200429,56,1043198.0,5111824.0,4832.0,55987.0,120129.0,13535.0,4093.0,4796.0,365.0,2020-04-29T24:00:00Z,57446.0,120129.0,6366791,2020-04-29T24:00:00Z,,0,0,2685,2961,216043,26268,256791,375092cbc12419a4b95df96ad1335664d7ddff91,2020-04-29
254,20200428,56,1016930.0,4895781.0,4206.0,56034.0,117168.0,13562.0,3798.0,4760.0,252.0,2020-04-28T24:00:00Z,54761.0,117168.0,6110000,2020-04-28T24:00:00Z,,0,0,2077,2006,191143,25191,223097,23002f12be42bc45c00bf27638f42dd3f6ecb606,2020-04-28
255,20200427,56,991739.0,4704638.0,4077.0,56183.0,115162.0,13812.0,3720.0,4867.0,252.0,2020-04-27T24:00:00Z,52684.0,115162.0,5886903,2020-04-27T24:00:00Z,,0,0,1287,2243,161025,22392,191439,6d12409a7afb2ec319579dd302db1d5cb5b35298,2020-04-27
256,20200426,56,969347.0,4543613.0,4445.0,56149.0,112919.0,14104.0,2571.0,5121.0,227.0,2020-04-26T24:00:00Z,51397.0,112919.0,5695464,2020-04-26T24:00:00Z,,0,0,1222,2209,173899,27296,201414,aa6e061f3c86fae56698c4097ba290be39cec4f7,2020-04-26
257,20200425,56,942051.0,4369714.0,5315.0,57343.0,110710.0,14415.0,2516.0,5266.0,227.0,2020-04-25T24:00:00Z,50175.0,110710.0,5494050,2020-04-25T24:00:00Z,,0,0,1627,2305,230971,35760,272879,254ba9f0b6c806a8cf7f59ebc23c83e3a06d231b,2020-04-25
258,20200424,56,906291.0,4138743.0,4396.0,57324.0,108405.0,14605.0,2468.0,5187.0,227.0,2020-04-24T24:00:00Z,48548.0,108405.0,5221171,2020-04-24T24:00:00Z,,0,0,1972,2372,201560,34208,241400,579f6245c8abdcbace82c9c642699ac80c3610c6,2020-04-24
259,20200423,56,872083.0,3937183.0,4258.0,59216.0,106033.0,14744.0,2428.0,5464.0,227.0,2020-04-23T24:00:00Z,46576.0,106033.0,4979771,2020-04-23T24:00:00Z,,0,0,1814,2827,171462,31964,211889,eefc747b28a777d6a706510c2ae44bad7110086f,2020-04-23
260,20200422,56,840119.0,3765721.0,4191.0,59212.0,103206.0,15013.0,2370.0,5474.0,227.0,2020-04-22T24:00:00Z,44762.0,103206.0,4767882,2020-04-22T24:00:00Z,,0,0,2082,3097,296094,29187,343424,3faa10fc46b712870803ac412048db2e8765e7fa,2020-04-22
261,20200421,56,810932.0,3469627.0,3956.0,59773.0,100109.0,14941.0,2315.0,5514.0,214.0,2020-04-21T24:00:00Z,42680.0,100109.0,4424458,2020-04-21T24:00:00Z,,0,0,2481,2733,127555,26039,167022,4d0f597ab0f538e1262072e38ed6d65f4ef6bf6c,2020-04-21
262,20200420,56,784893.0,3342072.0,4037.0,56734.0,97376.0,14463.0,2193.0,5567.0,214.0,2020-04-20T24:00:00Z,40199.0,97376.0,4257436,2020-04-20T24:00:00Z,,0,0,1815,2311,115127,25947,144800,7865cf5a19397a822f4be7bf16e9658316ae66b4,2020-04-20
263,20200419,56,758946.0,3226945.0,11324.0,56497.0,95065.0,14385.0,2145.0,5603.0,214.0,2020-04-19T24:00:00Z,38384.0,95065.0,4112636,2020-04-19T24:00:00Z,,0,0,1763,2162,126980,27530,147409,9be67e765a748598f535dc1a5f407de7fdd22be1,2020-04-19
264,20200418,56,731416.0,3099965.0,9906.0,57788.0,92903.0,14769.0,2096.0,5729.0,205.0,2020-04-18T24:00:00Z,36621.0,92903.0,3965227,2020-04-18T24:00:00Z,,0,0,1891,3449,124234,27960,167339,fa7ec7638168ab3b3636e9f08a03a0a9b8be4553,2020-04-18
265,20200417,56,703456.0,2975731.0,10889.0,58886.0,89454.0,14890.0,2052.0,6096.0,187.0,2020-04-17T24:00:00Z,34730.0,89454.0,3797888,2020-04-17T24:00:00Z,,0,0,2118,3366,127110,31960,168083,3fdc40afb6e3e16f53a1803f27570b606712cbf2,2020-04-17
266,20200416,56,671496.0,2848621.0,16927.0,59498.0,86088.0,15130.0,1834.0,5940.0,176.0,2020-04-16T24:00:00Z,32612.0,86088.0,3629805,2020-04-16T24:00:00Z,,0,0,2197,3165,139799,31570,182523,26a01a820c1bdf249f2341cfeefcd2a12ed9266a,2020-04-16
267,20200415,56,639926.0,2708822.0,16901.0,59924.0,82923.0,14646.0,1783.0,6032.0,223.0,2020-04-15T24:00:00Z,30415.0,82923.0,3447282,2020-04-15T24:00:00Z,,0,0,2546,3510,113041,29902,151450,5ad5e3e6e3d879f404686b7dfeb0b7e7f273700f,2020-04-15
268,20200414,56,610024.0,2595781.0,16615.0,59600.0,79413.0,14039.0,1715.0,5975.0,221.0,2020-04-14T24:00:00Z,27869.0,79413.0,3295832,2020-04-14T24:00:00Z,,0,0,2353,3174,122328,25866,158130,7fea6d6ed88ea2ca3b03787e898c72fc757db50a,2020-04-14
269,20200413,56,584158.0,2473453.0,17159.0,56237.0,76239.0,13620.0,1622.0,6168.0,208.0,2020-04-13T24:00:00Z,25516.0,76239.0,3137702,2020-04-13T24:00:00Z,,0,0,1630,4480,100964,24182,125226,2fcad0bf01e81217c9dd53184b125e77bc0cb4c2,2020-04-13
270,20200412,56,559976.0,2372489.0,16419.0,55449.0,71759.0,13620.0,1449.0,5968.0,158.0,2020-04-12T24:00:00Z,23886.0,71759.0,3012476,2020-04-12T24:00:00Z,,0,0,1700,3331,111506,28221,138625,6d6e738725fc10cc29c8365cbf1a5cc9498f0c3c,2020-04-12
271,20200411,56,531755.0,2260983.0,16593.0,55557.0,68428.0,13285.0,1399.0,5978.0,152.0,2020-04-11T24:00:00Z,22186.0,68428.0,2873851,2020-04-11T24:00:00Z,,0,0,2079,3747,115661,31313,147951,4312dfd87411de2d0ed82bfd94c2a56d769dd849,2020-04-11
272,20200410,56,500442.0,2145322.0,17435.0,53167.0,64681.0,12693.0,1179.0,5937.0,39.0,2020-04-10T24:00:00Z,20107.0,64681.0,2725900,2020-04-10T24:00:00Z,,0,0,2072,4909,118644,33526,159257,adfe6c92d9f1df57daf22117bcefbb6fd98a2e67,2020-04-10
273,20200409,56,466916.0,2026678.0,17622.0,51313.0,59772.0,12450.0,918.0,5794.0,39.0,2020-04-09T24:00:00Z,18035.0,59772.0,2566643,2020-04-09T24:00:00Z,,0,0,2062,3831,139769,35140,174876,53fe0f4ee4e28cc145488a0590cbb4a78c87f09b,2020-04-09
274,20200408,56,431776.0,1886909.0,17219.0,45515.0,55941.0,10337.0,862.0,4131.0,39.0,2020-04-08T24:00:00Z,15973.0,55941.0,2391767,2020-04-08T24:00:00Z,,0,0,1997,4321,122297,30968,163405,b812c3178c71820493ee7f53cd8a02c578828f12,2020-04-08
275,20200407,56,400808.0,1764612.0,16548.0,43849.0,51620.0,9978.0,738.0,4076.0,43.0,2020-04-07T24:00:00Z,13976.0,51620.0,2228362,2020-04-07T24:00:00Z,,0,0,2044,2997,129209,30461,166218,8ce10760c0001bac9494cc1a2196b3b6c3a9eb20,2020-04-07
276,20200406,56,370347.0,1635403.0,17283.0,36159.0,48623.0,7079.0,663.0,2961.0,39.0,2020-04-06T24:00:00Z,11932.0,48623.0,2062144,2020-04-06T24:00:00Z,,0,0,1313,2943,114177,28238,138103,8ee2d8f11a71dafc82b20025ffae5739b7003a20,2020-04-06
277,20200405,56,342109.0,1521226.0,17303.0,32180.0,45680.0,5811.0,609.0,652.0,39.0,2020-04-05T24:00:00Z,10619.0,45680.0,1924041,2020-04-05T24:00:00Z,,0,0,1339,3937,92363,25879,121457,d14e3763bd516419d493a26913f444152db40f01,2020-04-05
278,20200404,56,316230.0,1428863.0,15569.0,30268.0,41743.0,5500.0,403.0,656.0,39.0,2020-04-04T24:00:00Z,9280.0,41743.0,1802584,2020-04-04T24:00:00Z,,0,0,1481,5012,196973,33085,232891,5c9982bbb28f02c659c8bbf133072ada1a03ada1,2020-04-04
279,20200403,56,283145.0,1231890.0,61976.0,25777.0,36731.0,4928.0,335.0,623.0,39.0,2020-04-03T24:00:00Z,7799.0,36731.0,1569693,2020-04-03T24:00:00Z,,0,0,1285,4603,104536,31873,140203,16b9239ed35cf3c77f08d0e9e2a5bec00ddd5566,2020-04-03
280,20200402,56,251272.0,1127354.0,62097.0,22997.0,32128.0,4513.0,305.0,574.0,32.0,2020-04-02T24:00:00Z,6514.0,32128.0,1429490,2020-04-02T24:00:00Z,,0,0,1178,4198,99272,28107,126699,012fff9c76ebe8e91e142e2923c279f99a92245b,2020-04-02
281,20200401,56,223165.0,1028082.0,59665.0,20906.0,27930.0,3937.0,256.0,561.0,32.0,2020-04-01T24:00:00Z,5336.0,27930.0,1302791,2020-04-01T24:00:00Z,,0,0,1004,4134,86693,26233,120399,a28f5d10595fe0892a2a1582f1b26f3a4dfe6880,2020-04-01
282,20200331,56,196932.0,941389.0,59518.0,18155.0,23796.0,3487.0,230.0,507.0,,2020-03-31T24:00:00Z,4332.0,23796.0,1182392,2020-03-31T24:00:00Z,,0,0,907,3998,88242,24963,115189,df1fc73ac1dc858302dd96e5ec319e4533409707,2020-03-31
283,20200330,56,171969.0,853147.0,65369.0,15917.0,19798.0,3087.0,187.0,451.0,,2020-03-30T24:00:00Z,3425.0,19798.0,1067203,2020-03-30T24:00:00Z,,0,0,588,2472,88322,21191,102402,356f2c96c4f824709338047ef9d74bf87aa2dacf,2020-03-30
284,20200329,56,150778.0,764825.0,65545.0,14055.0,17326.0,2456.0,156.0,439.0,,2020-03-29T24:00:00Z,2837.0,17326.0,964801,2020-03-29T24:00:00Z,,0,0,504,2794,68750,19668,85608,0b52dd199911848d63ee2a9d496cb8ce032b6759,2020-03-29
285,20200328,56,131110.0,696075.0,65709.0,12409.0,14532.0,2174.0,140.0,390.0,,2020-03-28T24:00:00Z,2333.0,14532.0,879193,2020-03-28T24:00:00Z,,0,0,551,2409,104467,19749,110937,4a517bd46f860ed4a4ba0cc45e84154c758de6d2,2020-03-28
286,20200327,56,111361.0,591608.0,60091.0,10978.0,12123.0,1792.0,124.0,324.0,,2020-03-27T24:00:00Z,1782.0,12123.0,768256,2020-03-27T24:00:00Z,,0,0,408,2572,82236,19223,99749,616bc16b9a5e59e02e3a3d51c3b6a2f4afd0bd86,2020-03-27
287,20200326,56,92138.0,509372.0,60251.0,7805.0,9551.0,1299.0,91.0,258.0,,2020-03-26T24:00:00Z,1374.0,9551.0,668507,2020-03-26T24:00:00Z,,0,0,316,2478,85360,17734,105660,0f677bee4f1be4fb03ea924b2794de19a937ef30,2020-03-26
288,20200325,56,74404.0,424012.0,51235.0,5140.0,7073.0,,74.0,167.0,,2020-03-25T24:00:00Z,1058.0,7073.0,562847,2020-03-25T24:00:00Z,,0,0,238,1949,75575,12613,82632,e5fdb7add108a12ae2408907ef5532940d231961,2020-03-25
289,20200324,56,61791.0,348437.0,14433.0,3938.0,5124.0,,,,,2020-03-24T24:00:00Z,820.0,5124.0,480215,2020-03-24T24:00:00Z,,0,0,238,1178,64160,10870,80042,3c1de3c867664255d494506d07fb186000932c8a,2020-03-24
290,20200323,56,50921.0,284277.0,14571.0,2812.0,3946.0,,,,,2020-03-23T24:00:00Z,582.0,3946.0,400173,2020-03-23T24:00:00Z,,0,0,101,920,46963,11175,59711,85cd0de55d2093d4da29a777160a12b2975ec153,2020-03-23
291,20200322,56,39746.0,237314.0,2842.0,2173.0,3026.0,,,,,2020-03-22T24:00:00Z,481.0,3026.0,340462,2020-03-22T24:00:00Z,,0,0,146,1005,35604,9270,50747,132fa0bd334fe2b8f58b8df9073f480454e2b135,2020-03-22
292,20200321,56,30476.0,201710.0,3468.0,1492.0,2021.0,,,,,2020-03-21T24:00:00Z,335.0,2021.0,289715,2020-03-21T24:00:00Z,,0,0,62,1849,43540,6906,55955,b4b27e3dd5d7ea4ccc298780621b96fbfcc2d82d,2020-03-21
293,20200320,56,23570.0,158170.0,3330.0,1042.0,172.0,,,,,2020-03-20T24:00:00Z,273.0,172.0,233760,2020-03-20T24:00:00Z,,0,0,70,44,31793,6115,47796,ee5f7e6d0d67fd7732c1d551e4c31b3179c57212,2020-03-20
294,20200319,56,17455.0,126377.0,3016.0,617.0,128.0,,,,,2020-03-19T24:00:00Z,203.0,128.0,185964,2020-03-19T24:00:00Z,,0,0,48,34,26789,4599,39647,7c33ff0114be77739ee7a83903372b6808925eda,2020-03-19
295,20200318,56,12856.0,99588.0,2526.0,416.0,94.0,,,,,2020-03-18T24:00:00Z,155.0,94.0,146317,2020-03-18T24:00:00Z,,0,0,31,18,21416,3377,32706,83ef5ba8070d9f5a7039aaee9c25805114afc638,2020-03-18
296,20200317,56,9479.0,78172.0,1687.0,325.0,76.0,,,,,2020-03-17T24:00:00Z,124.0,76.0,113611,2020-03-17T24:00:00Z,,0,0,24,33,17806,2093,26689,4be8876ffacc05fbc458bb09ed090771a14d6a88,2020-03-17
297,20200316,56,7386.0,60366.0,1691.0,,43.0,,,,,2020-03-16T24:00:00Z,100.0,43.0,86922,2020-03-16T24:00:00Z,,0,0,21,6,20086,1712,25386,f09f404e6508cf586d47e90387259e02ff2474c1,2020-03-16
298,20200315,51,5674.0,40280.0,2242.0,,37.0,,,,,2020-03-15T24:00:00Z,79.0,37.0,61536,2020-03-15T24:00:00Z,,0,0,15,10,6574,1295,10084,9b57abca8df75660641c4e8c72b4a97b1473b74a,2020-03-15
299,20200314,51,4379.0,33706.0,1236.0,,27.0,,,,,2020-03-14T24:00:00Z,64.0,27.0,51452,2020-03-14T24:00:00Z,,0,0,8,4,6210,1014,10055,c6bc81b9617d3e851a258bd379758de6c09fbf4f,2020-03-14
300,20200313,51,3365.0,27496.0,1130.0,,23.0,,,,,2020-03-13T24:00:00Z,56.0,23.0,41397,2020-03-13T24:00:00Z,,0,0,5,6,6865,854,10084,c6810eaed24360dc92bae365ada7883da658ca56,2020-03-13
301,20200312,51,2511.0,20631.0,673.0,,17.0,,,,,2020-03-12T24:00:00Z,51.0,17.0,31313,2020-03-12T24:00:00Z,,0,0,8,5,5605,679,7002,7a806afbdea1bbd27cdcfeddce917482ee71ab58,2020-03-12
302,20200311,51,1832.0,15026.0,563.0,,12.0,,,,,2020-03-11T24:00:00Z,43.0,12.0,24311,2020-03-11T24:00:00Z,,0,0,6,3,3940,423,4749,6ceb6b24d1e8059bfec2245c0a1c0ef72e3b1292,2020-03-11
303,20200310,51,1409.0,11086.0,468.0,,9.0,,,,,2020-03-10T24:00:00Z,37.0,9.0,19562,2020-03-10T24:00:00Z,,0,0,2,0,2668,389,3221,54bd988526704d7372de46e5b44afec9a5ee108d,2020-03-10
304,20200309,51,1020.0,8418.0,314.0,,9.0,,,,,2020-03-09T24:00:00Z,35.0,9.0,16341,2020-03-09T24:00:00Z,,0,0,4,3,1813,269,2157,f69a3977713b96246e77b0492cc7fe222b94f67b,2020-03-09
305,20200308,51,751.0,6605.0,347.0,,6.0,,,,,2020-03-08T24:00:00Z,31.0,6.0,14184,2020-03-08T24:00:00Z,,0,0,4,0,918,173,1173,ce711a5dc2d3ddda4fea7ec3e13b3eead0120269,2020-03-08
306,20200307,51,578.0,5687.0,533.0,,6.0,,,,,2020-03-07T24:00:00Z,27.0,6.0,13011,2020-03-07T24:00:00Z,,0,0,1,0,738,141,981,9c2e8ca63fa02a98c5cc8e2c611e2bc4904b2ca2,2020-03-07
307,20200306,39,437.0,4949.0,497.0,,6.0,,,,,2020-03-06T24:00:00Z,26.0,6.0,12030,2020-03-06T24:00:00Z,,0,0,6,1,2056,132,2239,8baf01a341b39b31a4cc0a19c222c675cf0559c2,2020-03-06
308,20200305,30,305.0,2893.0,206.0,,5.0,,,,,2020-03-05T24:00:00Z,20.0,5.0,9791,2020-03-05T24:00:00Z,,0,0,4,1,1476,62,1594,d4b509f6a55db6a342de00568688698cb30ff985,2020-03-05
309,20200304,24,243.0,1417.0,124.0,,4.0,,,,,2020-03-04T24:00:00Z,16.0,4.0,8197,2020-03-04T24:00:00Z,,0,0,2,4,965,129,1026,2544c26a9ac9e7be9fb6777dff740bfb7f812fb4,2020-03-04
310,20200303,14,114.0,452.0,,,,,,,,2020-03-03T24:00:00Z,14.0,,7171,2020-03-03T24:00:00Z,,0,0,3,0,209,42,298,ff6ec83787dc3b870b1ebd3ca6d61022c8759073,2020-03-03
311,20200302,11,72.0,243.0,,,,,,,,2020-03-02T24:00:00Z,11.0,,6873,2020-03-02T24:00:00Z,,0,0,3,0,158,30,212,c085f817887ae36a43aaed799d55bc4bda582d95,2020-03-02
312,20200301,10,42.0,85.0,,,,,,,,2020-03-01T24:00:00Z,8.0,,6661,2020-03-01T24:00:00Z,,0,0,3,0,61,24,109,bbb3d8e9955c2b3baa3ccf8219e1df84db046919,2020-03-01
313,20200229,7,18.0,24.0,,,,,,,,2020-02-29T24:00:00Z,5.0,,6552,2020-02-29T24:00:00Z,,0,0,1,0,24,3,62,588a18c291a2eb1b42f3d7c6817c7a988dda785a,2020-02-29
314,20200228,7,15.0,0.0,,,,,,,,2020-02-28T24:00:00Z,4.0,,6490,2020-02-28T24:00:00Z,,0,0,2,0,0,2,3,16087e05888ccd145618e31d43f3398f9fa48b26,2020-02-28
315,20200227,7,13.0,0.0,,,,,,,,2020-02-27T24:00:00Z,2.0,,6487,2020-02-27T24:00:00Z,,0,0,0,0,0,1,6446,b350e9930d96edae1a491e1649e5e430e34a7820,2020-02-27
316,20200226,5,12.0,0.0,,,,,,,,2020-02-26T24:00:00Z,2.0,,41,2020-02-26T24:00:00Z,,0,0,2,0,0,2,0,e780025b2be77b6736eaf99e85a4908e364763ff,2020-02-26
317,20200225,5,10.0,0.0,,,,,,,,2020-02-25T24:00:00Z,0.0,,41,2020-02-25T24:00:00Z,,0,0,0,0,0,1,1,5f56acf95fce5ff86f41e27c948367d26073cc57,2020-02-25
318,20200224,5,9.0,0.0,,,,,,,,2020-02-24T24:00:00Z,0.0,,40,2020-02-24T24:00:00Z,,0,0,0,0,0,1,2,d64439cf5b844232c57607a38a465d38deac2807,2020-02-24
319,20200223,5,8.0,0.0,,,,,,,,2020-02-23T24:00:00Z,0.0,,38,2020-02-23T24:00:00Z,,0,0,0,0,0,1,0,5d7514f6974092836f9499d529af33af0ded644f,2020-02-23
320,20200222,5,7.0,0.0,,,,,,,,2020-02-22T24:00:00Z,0.0,,38,2020-02-22T24:00:00Z,,0,0,0,0,0,0,1,b6730f814a33f26f0d1e22abb6bc07175a22789f,2020-02-22
321,20200221,5,7.0,0.0,,,,,,,,2020-02-21T24:00:00Z,0.0,,37,2020-02-21T24:00:00Z,,0,0,0,0,0,0,1,9c0b6dfa6c33068b8426194fe0cd55c8ad0a93a4,2020-02-21
322,20200220,5,7.0,0.0,,,,,,,,2020-02-20T24:00:00Z,0.0,,36,2020-02-20T24:00:00Z,,0,0,0,0,0,0,1,2257b3f0817874e4bf18ff6ef7950c7a90e7e492,2020-02-20
323,20200219,5,7.0,0.0,,,,,,,,2020-02-19T24:00:00Z,0.0,,35,2020-02-19T24:00:00Z,,0,0,0,0,0,0,6,9eaa8852f45c731069ec0f8a39ef74f0d1058c4e,2020-02-19
324,20200218,5,7.0,0.0,,,,,,,,2020-02-18T24:00:00Z,0.0,,29,2020-02-18T24:00:00Z,,0,0,0,0,0,0,0,14e75cd8e0af3a4d95b6a940c52c25093330d49d,2020-02-18
325,20200217,5,7.0,0.0,,,,,,,,2020-02-17T24:00:00Z,0.0,,29,2020-02-17T24:00:00Z,,0,0,0,0,0,0,1,730e57fb79b4a585574ce679b0a8dec6d87bfa40,2020-02-17
326,20200216,5,7.0,0.0,,,,,,,,2020-02-16T24:00:00Z,0.0,,28,2020-02-16T24:00:00Z,,0,0,0,0,0,0,2,5977bef64e8d902e2b937b6eae7a20cafefc0278,2020-02-16
327,20200215,5,7.0,0.0,,,,,,,,2020-02-15T24:00:00Z,0.0,,26,2020-02-15T24:00:00Z,,0,0,0,0,0,0,4,69b94913d9d21cf144f8a3a267aa121790775322,2020-02-15
328,20200214,4,7.0,0.0,,,,,,,,2020-02-14T24:00:00Z,0.0,,22,2020-02-14T24:00:00Z,,0,0,0,0,0,1,0,b2677947c31a27cea3afc2bcf316775986a2f8db,2020-02-14
329,20200213,4,6.0,0.0,,,,,,,,2020-02-13T24:00:00Z,0.0,,22,2020-02-13T24:00:00Z,,0,0,0,0,0,1,1,aa37672848c3b70f1b594bb84a6b651b03ea3452,2020-02-13
330,20200212,4,5.0,0.0,,,,,,,,2020-02-12T24:00:00Z,0.0,,21,2020-02-12T24:00:00Z,,0,0,0,0,0,0,1,969233cd5666216b4bf1702fd6825cce4b572b49,2020-02-12
331,20200211,4,5.0,0.0,,,,,,,,2020-02-11T24:00:00Z,0.0,,20,2020-02-11T24:00:00Z,,0,0,0,0,0,0,1,3aedaf6fca37416eeeaab2a2bf0a033902d64d32,2020-02-11
332,20200210,4,5.0,0.0,,,,,,,,2020-02-10T24:00:00Z,0.0,,19,2020-02-10T24:00:00Z,,0,0,0,0,0,0,1,c9c1cdc67c9d069234af124130128bf59b72813e,2020-02-10
333,20200209,3,5.0,0.0,,,,,,,,2020-02-09T24:00:00Z,,,18,2020-02-09T24:00:00Z,,0,0,0,0,0,0,0,fdb94e91d53e12734b4d2148e7f751f36117e5f0,2020-02-09
334,20200208,3,5.0,0.0,,,,,,,,2020-02-08T24:00:00Z,,,18,2020-02-08T24:00:00Z,,0,0,0,0,0,0,2,0d4bcbc0ee115b78d80d847a27bff385ba3c706f,2020-02-08
335,20200207,3,5.0,0.0,,,,,,,,2020-02-07T24:00:00Z,,,16,2020-02-07T24:00:00Z,,0,0,0,0,0,0,0,6767d49293b212c81c9a463c0e17eb163f8e3363,2020-02-07
336,20200206,3,5.0,0.0,,,,,,,,2020-02-06T24:00:00Z,,,16,2020-02-06T24:00:00Z,,0,0,0,0,0,2,1,d92b484530e90641146b471273cbfab5db2bc6ac,2020-02-06
337,20200205,3,3.0,0.0,,,,,,,,2020-02-05T24:00:00Z,,,15,2020-02-05T24:00:00Z,,0,0,0,0,0,0,0,69aa50cf4332e3dbc2e129df81a5b96ced5ad712,2020-02-05
338,20200204,3,3.0,0.0,,,,,,,,2020-02-04T24:00:00Z,,,15,2020-02-04T24:00:00Z,,0,0,0,0,0,0,4,4a827b412eb58685b08674a2de45194ac15eda26,2020-02-04
339,20200203,3,3.0,0.0,,,,,,,,2020-02-03T24:00:00Z,,,11,2020-02-03T24:00:00Z,,0,0,0,0,0,1,3,1c503bd72b9f2c3348b8b1d1518b8bcee9aa3dca,2020-02-03
340,20200202,3,2.0,0.0,,,,,,,,2020-02-02T24:00:00Z,,,8,2020-02-02T24:00:00Z,,0,0,0,0,0,0,0,0b88538aacd3b3043938e34d1c606f14bbd8e989,2020-02-02
341,20200201,3,2.0,0.0,,,,,,,,2020-02-01T24:00:00Z,,,8,2020-02-01T24:00:00Z,,0,0,0,0,0,0,0,5a9a28ff4a3a2e29361fbcddce1710b12dd31815,2020-02-01
342,20200131,3,2.0,0.0,,,,,,,,2020-01-31T24:00:00Z,,,8,2020-01-31T24:00:00Z,,0,0,0,0,0,0,3,08d2e93f25af651143f746d3b1c0c18c32efdc9f,2020-01-31
343,20200130,3,2.0,0.0,,,,,,,,2020-01-30T24:00:00Z,,,5,2020-01-30T24:00:00Z,,0,0,0,0,0,0,0,baff7af1c1d6df866898d84f0a2d61c0562809fd,2020-01-30
344,20200129,3,2.0,0.0,,,,,,,,2020-01-29T24:00:00Z,,,5,2020-01-29T24:00:00Z,,0,0,0,0,0,0,2,12df575980f7cdf5d96dcd13116c00da4bb57303,2020-01-29
345,20200128,2,2.0,0.0,,,,,,,,2020-01-28T24:00:00Z,,,3,2020-01-28T24:00:00Z,,0,0,0,0,0,0,0,0b621602e5742e7a673eddfa8d2a2d5c07f65e7d,2020-01-28
346,20200127,2,2.0,0.0,,,,,,,,2020-01-27T24:00:00Z,,,3,2020-01-27T24:00:00Z,,0,0,0,0,0,0,1,51031dc773dadf66865cf5a539c643433165296b,2020-01-27
347,20200126,2,2.0,0.0,,,,,,,,2020-01-26T24:00:00Z,,,2,2020-01-26T24:00:00Z,,0,0,0,0,0,0,0,4b38690b95d88561fe19bceab9328ce351206351,2020-01-26
348,20200125,2,2.0,0.0,,,,,,,,2020-01-25T24:00:00Z,,,2,2020-01-25T24:00:00Z,,0,0,0,0,0,0,0,7ef750dc9ae96e22b390cdc46c94471c3aa76190,2020-01-25
349,20200124,2,2.0,0.0,,,,,,,,2020-01-24T24:00:00Z,,,2,2020-01-24T24:00:00Z,,0,0,0,0,0,0,0,4d207f94a451abd1e72b83a6d574f1abb0c02387,2020-01-24
350,20200123,2,2.0,0.0,,,,,,,,2020-01-23T24:00:00Z,,,2,2020-01-23T24:00:00Z,,0,0,0,0,0,0,1,5106d9f35e72b836f53d2784e74292cf29e1b340,2020-01-23
351,20200122,2,2.0,0.0,,,,,,,,2020-01-22T24:00:00Z,,,1,2020-01-22T24:00:00Z,,0,0,0,0,0,0,1,89aa675582463afe70bbf789b70ee39c1faa6579,2020-01-22
352,20200121,1,2.0,,,,,,,,,2020-01-21T24:00:00Z,,,0,2020-01-21T24:00:00Z,,0,0,0,0,0,1,0,1eeddf821d7b9cd08a5ff80a5dca47f4693e4eba,2020-01-21
353,20200120,1,1.0,,,,,,,,,2020-01-20T24:00:00Z,,,0,2020-01-20T24:00:00Z,,0,0,0,0,0,0,0,776e42ed9cc6026fcf1e885daaa7dff4fb4b0b3f,2020-01-20
354,20200119,1,1.0,,,,,,,,,2020-01-19T24:00:00Z,,,0,2020-01-19T24:00:00Z,,0,0,0,0,0,1,0,c989920d1706d11b097eaaf5a20bc4d081d1208c,2020-01-19
355,20200118,1,0.0,,,,,,,,,2020-01-18T24:00:00Z,,,0,2020-01-18T24:00:00Z,,0,0,0,0,0,0,0,2394f592b3b27ff21aaebc736a404177acd71927,2020-01-18
356,20200117,1,0.0,,,,,,,,,2020-01-17T24:00:00Z,,,0,2020-01-17T24:00:00Z,,0,0,0,0,0,0,0,5fd7ed7fb0f83565ea0aaaf5ff6104e5860be2d6,2020-01-17
357,20200116,1,0.0,,,,,,,,,2020-01-16T24:00:00Z,,,0,2020-01-16T24:00:00Z,,0,0,0,0,0,0,0,4c0f2ea879eefec1a18a93bcd8a382ea56cd452d,2020-01-16
358,20200115,1,0.0,,,,,,,,,2020-01-15T24:00:00Z,,,0,2020-01-15T24:00:00Z,,0,0,0,0,0,0,0,8a449023413eea473277416e9e30ae126c6af047,2020-01-15
359,20200114,1,0.0,,,,,,,,,2020-01-14T24:00:00Z,,,0,2020-01-14T24:00:00Z,,0,0,0,0,0,0,0,fe399466a3dfbe0221a18ed5cacb39a3882d72f8,2020-01-14
360,20200113,1,,,,,,,,,,2020-01-13T24:00:00Z,,,0,2020-01-13T24:00:00Z,,0,0,0,0,0,0,0,5672debf187b183735be63f6bd85834ead0047ff,2020-01-13
